Market_and_Exchange_Names,As_of_Date_In_Form_YYMMDD,Report_Date_as_MM_DD_YYYY,CFTC_Contract_Market_Code,CFTC_Market_Code,CFTC_Region_Code,CFTC_Commodity_Code,Open_Interest_All,Prod_Merc_Positions_Long_ALL,Prod_Merc_Positions_Short_ALL,Swap_Positions_Long_All,Swap__Positions_Short_All,Swap__Positions_Spread_All,M_Money_Positions_Long_ALL,M_Money_Positions_Short_ALL,M_Money_Positions_Spread_ALL,Other_Rept_Positions_Long_ALL,Other_Rept_Positions_Short_ALL,Other_Rept_Positions_Spread_ALL,Tot_Rept_Positions_Long_All,Tot_Rept_Positions_Short_All,NonRept_Positions_Long_All,NonRept_Positions_Short_All,Open_Interest_Old,Prod_Merc_Positions_Long_Old,Prod_Merc_Positions_Short_Old,Swap_Positions_Long_Old,Swap_Positions_Short_Old,Swap_Positions_Spread_Old,M_Money_Positions_Long_Old,M_Money_Positions_Short_Old,M_Money_Positions_Spread_Old,Other_Rept_Positions_Long_Old,Other_Rept_Positions_Short_Old,Other_Rept_Positions_Spread_Old,Tot_Rept_Positions_Long_Old,Tot_Rept_Positions_Short_Old,NonRept_Positions_Long_Old,NonRept_Positions_Short_Old,Open_Interest_Other,Prod_Merc_Positions_Long_Other,Prod_Merc_Positions_Short_Other,Swap_Positions_Long_Other,Swap_Positions_Short_Other,Swap_Positions_Spread_Other,M_Money_Positions_Long_Other,M_Money_Positions_Short_Other,M_Money_Positions_Spread_Other,Other_Rept_Positions_Long_Other,Other_Rept_Positions_Short_Other,Other_Rept_Positions_Spread_Othr,Tot_Rept_Positions_Long_Other,Tot_Rept_Positions_Short_Other,NonRept_Positions_Long_Other,NonRept_Positions_Short_Other,Change_in_Open_Interest_All,Change_in_Prod_Merc_Long_All,Change_in_Prod_Merc_Short_All,Change_in_Swap_Long_All,Change_in_Swap_Short_All,Change_in_Swap_Spread_All,Change_in_M_Money_Long_All,Change_in_M_Money_Short_All,Change_in_M_Money_Spread_All,Change_in_Other_Rept_Long_All,Change_in_Other_Rept_Short_All,Change_in_Other_Rept_Spread_All,Change_in_Tot_Rept_Long_All,Change_in_Tot_Rept_Short_All,Change_in_NonRept_Long_All,Change_in_NonRept_Short_All,Pct_of_Open_Interest_All,Pct_of_OI_Prod_Merc_Long_All,Pct_of_OI_Prod_Merc_Short_All,Pct_of_OI_Swap_Long_All,Pct_of_OI_Swap_Short_All,Pct_of_OI_Swap_Spread_All,Pct_of_OI_M_Money_Long_All,Pct_of_OI_M_Money_Short_All,Pct_of_OI_M_Money_Spread_All,Pct_of_OI_Other_Rept_Long_All,Pct_of_OI_Other_Rept_Short_All,Pct_of_OI_Other_Rept_Spread_All,Pct_of_OI_Tot_Rept_Long_All,Pct_of_OI_Tot_Rept_Short_All,Pct_of_OI_NonRept_Long_All,Pct_of_OI_NonRept_Short_All,Pct_of_Open_Interest_Old,Pct_of_OI_Prod_Merc_Long_Old,Pct_of_OI_Prod_Merc_Short_Old,Pct_of_OI_Swap_Long_Old,Pct_of_OI_Swap_Short_Old,Pct_of_OI_Swap_Spread_Old,Pct_of_OI_M_Money_Long_Old,Pct_of_OI_M_Money_Short_Old,Pct_of_OI_M_Money_Spread_Old,Pct_of_OI_Other_Rept_Long_Old,Pct_of_OI_Other_Rept_Short_Old,Pct_of_OI_Other_Rept_Spread_Old,Pct_of_OI_Tot_Rept_Long_Old,Pct_of_OI_Tot_Rept_Short_Old,Pct_of_OI_NonRept_Long_Old,Pct_of_OI_NonRept_Short_Old,Pct_of_Open_Interest_Other,Pct_of_OI_Prod_Merc_Long_Other,Pct_of_OI_Prod_Merc_Short_Other,Pct_of_OI_Swap_Long_Other,Pct_of_OI_Swap_Short_Other,Pct_of_OI_Swap_Spread_Other,Pct_of_OI_M_Money_Long_Other,Pct_of_OI_M_Money_Short_Other,Pct_of_OI_M_Money_Spread_Other,Pct_of_OI_Other_Rept_Long_Other,Pct_of_OI_Other_Rept_Short_Other,Pct_of_OI_Other_Rept_Spread_Othr,Pct_of_OI_Tot_Rept_Long_Other,Pct_of_OI_Tot_Rept_Short_Other,Pct_of_OI_NonRept_Long_Other,Pct_of_OI_NonRept_Short_Other,Traders_Tot_All,Traders_Prod_Merc_Long_All,Traders_Prod_Merc_Short_All,Traders_Swap_Long_All,Traders_Swap_Short_All,Traders_Swap_Spread_All,Traders_M_Money_Long_All,Traders_M_Money_Short_All,Traders_M_Money_Spread_All,Traders_Other_Rept_Long_All,Traders_Other_Rept_Short_All,Traders_Other_Rept_Spread_All,Traders_Tot_Rept_Long_All,Traders_Tot_Rept_Short_All,Traders_Tot_Old,Traders_Prod_Merc_Long_Old,Traders_Prod_Merc_Short_Old,Traders_Swap_Long_Old,Traders_Swap_Short_Old,Traders_Swap_Spread_Old,Traders_M_Money_Long_Old,Traders_M_Money_Short_Old,Traders_M_Money_Spread_Old,Traders_Other_Rept_Long_Old,Traders_Other_Rept_Short_Old,Traders_Other_Rept_Spread_Old,Traders_Tot_Rept_Long_Old,Traders_Tot_Rept_Short_Old,Traders_Tot_Other,Traders_Prod_Merc_Long_Other,Traders_Prod_Merc_Short_Other,Traders_Swap_Long_Other,Traders_Swap_Short_Other,Traders_Swap_Spread_Other,Traders_M_Money_Long_Other,Traders_M_Money_Short_Other,Traders_M_Money_Spread_Other,Traders_Other_Rept_Long_Other,Traders_Other_Rept_Short_Other,Traders_Other_Rept_Spread_Other,Traders_Tot_Rept_Long_Other,Traders_Tot_Rept_Short_Other,Conc_Gross_LE_4_TDR_Long_All,Conc_Gross_LE_4_TDR_Short_All,Conc_Gross_LE_8_TDR_Long_All,Conc_Gross_LE_8_TDR_Short_All,Conc_Net_LE_4_TDR_Long_All,Conc_Net_LE_4_TDR_Short_All,Conc_Net_LE_8_TDR_Long_All,Conc_Net_LE_8_TDR_Short_All,Conc_Gross_LE_4_TDR_Long_Old,Conc_Gross_LE_4_TDR_Short_Old,Conc_Gross_LE_8_TDR_Long_Old,Conc_Gross_LE_8_TDR_Short_Old,Conc_Net_LE_4_TDR_Long_Old,Conc_Net_LE_4_TDR_Short_Old,Conc_Net_LE_8_TDR_Long_Old,Conc_Net_LE_8_TDR_Short_Old,Conc_Gross_LE_4_TDR_Long_Other,Conc_Gross_LE_4_TDR_Short_Other,Conc_Gross_LE_8_TDR_Long_Other,Conc_Gross_LE_8_TDR_Short_Other,Conc_Net_LE_4_TDR_Long_Other,Conc_Net_LE_4_TDR_Short_Other,Conc_Net_LE_8_TDR_Long_Other,Conc_Net_LE_8_TDR_Short_Other,Contract_Units,CFTC_SubGroup_Code,FutOnly_or_Combined
GOLD - COMMODITY EXCHANGE INC.,211228,12/28/2021,088691,CMX ,01,088 ,508912,11047,69200,74017,261528,18108,130389,46726,33455,173490,43997,17285,457791,490299,51121,18613,508912,11047,69200,74017,261528,18108,130389,46726,33455,173490,43997,17285,457791,490299,51121,18613,0,0,0,0,0,0,0,0,0,0,0,0,0,0,0,0,8066,-646,1714,-476,6799,-703,6269,-5646,681,982,5552,89,6196,8486,1870,-420,100,2.2,13.6,14.5,51.4,3.6,25.6,9.2,6.6,34.1,8.6,3.4,90,96.3,10,3.7,100,2.2,13.6,14.5,51.4,3.6,25.6,9.2,6.6,34.1,8.6,3.4,90,96.3,10,3.7,100,0,0,0,0,0,0,0,0,0,0,0,0,0,0,0,306,11,22,18,26,21,85,19,40,94,35,35,251,158,306,11,22,18,26,21,85,19,40,94,35,35,251,158,0,0,0,0,0,0,0,0,0,0,0,0,0,0,24.7,27,35.3,46.2,24.1,27,32.7,45.9,24.7,27,35.3,46.2,24.1,27,32.7,45.9,0,0,0,0,0,0,0,0,(CONTRACTS OF 100 TROY OUNCES),N20,FutOnly
GOLD - COMMODITY EXCHANGE INC.,211221,12/21/2021,088691,CMX ,01,088 ,500846,11693,67486,74493,254729,18811,124120,52372,32774,172508,38445,17196,451595,481813,49251,19033,500846,11693,67486,74493,254729,18811,124120,52372,32774,172508,38445,17196,451595,481813,49251,19033,0,0,0,0,0,0,0,0,0,0,0,0,0,0,0,0,-2863,-130,4140,-1995,-1647,-299,2628,-5703,999,-4142,779,-478,-3417,-2209,554,-654,100,2.3,13.5,14.9,50.9,3.8,24.8,10.5,6.5,34.4,7.7,3.4,90.2,96.2,9.8,3.8,100,2.3,13.5,14.9,50.9,3.8,24.8,10.5,6.5,34.4,7.7,3.4,90.2,96.2,9.8,3.8,100,0,0,0,0,0,0,0,0,0,0,0,0,0,0,0,308,13,21,18,27,21,79,26,44,98,32,33,250,163,308,13,21,18,27,21,79,26,44,98,32,33,250,163,0,0,0,0,0,0,0,0,0,0,0,0,0,0,25.1,27.4,36,46.7,24.5,27.2,33.3,46.4,25.1,27.4,36,46.7,24.5,27.2,33.3,46.4,0,0,0,0,0,0,0,0,(CONTRACTS OF 100 TROY OUNCES),N20,FutOnly
GOLD - COMMODITY EXCHANGE INC.,211214,12/14/2021,088691,CMX ,01,088 ,503709,11823,63346,76488,256376,19110,121492,58075,31775,176650,37666,17674,455012,484022,48697,19687,503709,11823,63346,76488,256376,19110,121492,58075,31775,176650,37666,17674,455012,484022,48697,19687,0,0,0,0,0,0,0,0,0,0,0,0,0,0,0,0,4402,110,-2514,198,-11390,3171,-3575,13749,-907,1199,-1341,2867,3063,3635,1339,767,100,2.3,12.6,15.2,50.9,3.8,24.1,11.5,6.3,35.1,7.5,3.5,90.3,96.1,9.7,3.9,100,2.3,12.6,15.2,50.9,3.8,24.1,11.5,6.3,35.1,7.5,3.5,90.3,96.1,9.7,3.9,100,0,0,0,0,0,0,0,0,0,0,0,0,0,0,0,310,11,21,20,27,22,70,33,42,100,29,31,243,167,310,11,21,20,27,22,70,33,42,100,29,31,243,167,0,0,0,0,0,0,0,0,0,0,0,0,0,0,24.9,27.2,36,46.3,24.3,27,33.2,46.1,24.9,27.2,36,46.3,24.3,27,33.2,46.1,0,0,0,0,0,0,0,0,(CONTRACTS OF 100 TROY OUNCES),N20,FutOnly
GOLD - COMMODITY EXCHANGE INC.,211207,12/7/2021,088691,CMX ,01,088 ,499307,11713,65860,76290,267766,15939,125067,44326,32682,175451,39007,14807,451949,480387,47358,18920,499307,11713,65860,76290,267766,15939,125067,44326,32682,175451,39007,14807,451949,480387,47358,18920,0,0,0,0,0,0,0,0,0,0,0,0,0,0,0,0,-32561,-1871,-1547,6107,-7197,-19856,-12402,-1058,-309,2667,-2,-2598,-28262,-32567,-4299,6,100,2.3,13.2,15.3,53.6,3.2,25,8.9,6.5,35.1,7.8,3,90.5,96.2,9.5,3.8,100,2.3,13.2,15.3,53.6,3.2,25,8.9,6.5,35.1,7.8,3,90.5,96.2,9.5,3.8,100,0,0,0,0,0,0,0,0,0,0,0,0,0,0,0,305,16,23,20,26,23,80,21,39,93,33,30,249,156,305,16,23,20,26,23,80,21,39,93,33,30,249,156,0,0,0,0,0,0,0,0,0,0,0,0,0,0,25.1,28.3,36.2,47.9,24.6,28.1,33.5,47.6,25.1,28.3,36.2,47.9,24.6,28.1,33.5,47.6,0,0,0,0,0,0,0,0,(CONTRACTS OF 100 TROY OUNCES),N20,FutOnly
GOLD - COMMODITY EXCHANGE INC.,211130,11/30/2021,088691,CMX ,01,088 ,531868,13584,67407,70183,274963,35795,137469,45384,32991,172784,39009,17405,480211,512954,51657,18914,531868,13584,67407,70183,274963,35795,137469,45384,32991,172784,39009,17405,480211,512954,51657,18914,0,0,0,0,0,0,0,0,0,0,0,0,0,0,0,0,-27955,-738,-15441,2196,7668,-2923,-14804,-1550,1718,-1352,-6055,-8329,-24232,-24912,-3723,-3043,100,2.6,12.7,13.2,51.7,6.7,25.8,8.5,6.2,32.5,7.3,3.3,90.3,96.4,9.7,3.6,100,2.6,12.7,13.2,51.7,6.7,25.8,8.5,6.2,32.5,7.3,3.3,90.3,96.4,9.7,3.6,100,0,0,0,0,0,0,0,0,0,0,0,0,0,0,0,302,13,19,19,28,24,81,21,33,97,30,28,249,145,302,13,19,19,28,24,81,21,33,97,30,28,249,145,0,0,0,0,0,0,0,0,0,0,0,0,0,0,24.1,27.8,34.9,47.5,22.6,27.1,31.3,45.5,24.1,27.8,34.9,47.5,22.6,27.1,31.3,45.5,0,0,0,0,0,0,0,0,(CONTRACTS OF 100 TROY OUNCES),N20,FutOnly
GOLD - COMMODITY EXCHANGE INC.,211123,11/23/2021,088691,CMX ,01,088 ,559823,14322,82848,67987,267295,38718,152273,46934,31273,174136,45064,25734,504443,537866,55380,21957,559823,14322,82848,67987,267295,38718,152273,46934,31273,174136,45064,25734,504443,537866,55380,21957,0,0,0,0,0,0,0,0,0,0,0,0,0,0,0,0,-52789,-3676,-3344,-525,-20562,-530,-33195,3851,-17698,-925,-12602,434,-56115,-50451,3326,-2338,100,2.6,14.8,12.1,47.7,6.9,27.2,8.4,5.6,31.1,8,4.6,90.1,96.1,9.9,3.9,100,2.6,14.8,12.1,47.7,6.9,27.2,8.4,5.6,31.1,8,4.6,90.1,96.1,9.9,3.9,100,0,0,0,0,0,0,0,0,0,0,0,0,0,0,0,317,15,19,20,26,28,82,20,31,106,33,36,266,155,317,15,19,20,26,28,82,20,31,106,33,36,266,155,0,0,0,0,0,0,0,0,0,0,0,0,0,0,23.4,27.5,33.2,45.3,21.4,27.3,29.9,44.1,23.4,27.5,33.2,45.3,21.4,27.3,29.9,44.1,0,0,0,0,0,0,0,0,(CONTRACTS OF 100 TROY OUNCES),N20,FutOnly
GOLD - COMMODITY EXCHANGE INC.,211116,11/16/2021,088691,CMX ,01,088 ,612612,17998,86192,68512,287857,39248,185468,43083,48971,175061,57666,25300,560558,588317,52054,24295,612612,17998,86192,68512,287857,39248,185468,43083,48971,175061,57666,25300,560558,588317,52054,24295,0,0,0,0,0,0,0,0,0,0,0,0,0,0,0,0,41587,586,9980,268,2924,19707,17335,560,7724,2083,9259,-8076,39627,42078,1960,-491,100,2.9,14.1,11.2,47,6.4,30.3,7,8,28.6,9.4,4.1,91.5,96,8.5,4,100,2.9,14.1,11.2,47,6.4,30.3,7,8,28.6,9.4,4.1,91.5,96,8.5,4,100,0,0,0,0,0,0,0,0,0,0,0,0,0,0,0,360,15,26,17,31,27,99,21,28,107,49,36,286,174,360,15,26,17,31,27,99,21,28,107,49,36,286,174,0,0,0,0,0,0,0,0,0,0,0,0,0,0,23.2,26.1,33.8,43.5,20,25.6,28.6,40.7,23.2,26.1,33.8,43.5,20,25.6,28.6,40.7,0,0,0,0,0,0,0,0,(CONTRACTS OF 100 TROY OUNCES),N20,FutOnly
GOLD - COMMODITY EXCHANGE INC.,211109,11/9/2021,088691,CMX ,01,088 ,571025,17412,76212,68244,284933,19541,168133,42523,41247,172978,48407,33376,520931,546239,50094,24786,571025,17412,76212,68244,284933,19541,168133,42523,41247,172978,48407,33376,520931,546239,50094,24786,0,0,0,0,0,0,0,0,0,0,0,0,0,0,0,0,63409,3426,9905,-3121,26012,4200,31189,-9182,8227,-1169,4150,16499,59251,59811,4158,3598,100,3,13.3,12,49.9,3.4,29.4,7.4,7.2,30.3,8.5,5.8,91.2,95.7,8.8,4.3,100,3,13.3,12,49.9,3.4,29.4,7.4,7.2,30.3,8.5,5.8,91.2,95.7,8.8,4.3,100,0,0,0,0,0,0,0,0,0,0,0,0,0,0,0,338,15,22,15,31,23,96,21,31,97,46,36,265,171,338,15,22,15,31,23,96,21,31,97,46,36,265,171,0,0,0,0,0,0,0,0,0,0,0,0,0,0,24,26.3,34.1,44.4,21,26.2,29.9,42.3,24,26.3,34.1,44.4,21,26.2,29.9,42.3,0,0,0,0,0,0,0,0,(CONTRACTS OF 100 TROY OUNCES),N20,FutOnly
GOLD - COMMODITY EXCHANGE INC.,211102,11/2/2021,088691,CMX ,01,088 ,507616,13986,66307,71365,258921,15341,136944,51705,33020,174147,44257,16877,461680,486428,45936,21188,507616,13986,66307,71365,258921,15341,136944,51705,33020,174147,44257,16877,461680,486428,45936,21188,0,0,0,0,0,0,0,0,0,0,0,0,0,0,0,0,-2178,481,1707,-1520,-2523,-1692,-4336,-3213,9205,1781,89,-4326,-407,-753,-1771,-1425,100,2.8,13.1,14.1,51,3,27,10.2,6.5,34.3,8.7,3.3,91,95.8,9,4.2,100,2.8,13.1,14.1,51,3,27,10.2,6.5,34.3,8.7,3.3,91,95.8,9,4.2,100,0,0,0,0,0,0,0,0,0,0,0,0,0,0,0,323,14,18,17,32,19,80,26,31,99,43,33,251,163,323,14,18,17,32,19,80,26,31,99,43,33,251,163,0,0,0,0,0,0,0,0,0,0,0,0,0,0,25,27.7,36.3,46.1,23.7,27.6,33.3,45.3,25,27.7,36.3,46.1,23.7,27.6,33.3,45.3,0,0,0,0,0,0,0,0,(CONTRACTS OF 100 TROY OUNCES),N20,FutOnly
GOLD - COMMODITY EXCHANGE INC.,211026,10/26/2021,088691,CMX ,01,088 ,509794,13505,64600,72885,261444,17033,141280,54918,23815,172366,44168,21203,462087,487181,47707,22613,509794,13505,64600,72885,261444,17033,141280,54918,23815,172366,44168,21203,462087,487181,47707,22613,0,0,0,0,0,0,0,0,0,0,0,0,0,0,0,0,23820,1031,1474,-3809,16212,-927,16720,-11843,9261,-2956,4396,2987,22307,21560,1513,2260,100,2.6,12.7,14.3,51.3,3.3,27.7,10.8,4.7,33.8,8.7,4.2,90.6,95.6,9.4,4.4,100,2.6,12.7,14.3,51.3,3.3,27.7,10.8,4.7,33.8,8.7,4.2,90.6,95.6,9.4,4.4,100,0,0,0,0,0,0,0,0,0,0,0,0,0,0,0,327,13,19,19,30,17,80,28,28,102,40,35,255,158,327,13,19,19,30,17,80,28,28,102,40,35,255,158,0,0,0,0,0,0,0,0,0,0,0,0,0,0,24.6,28.3,35.1,45.8,23,28.2,32.8,45.4,24.6,28.3,35.1,45.8,23,28.2,32.8,45.4,0,0,0,0,0,0,0,0,(CONTRACTS OF 100 TROY OUNCES),N20,FutOnly
GOLD - COMMODITY EXCHANGE INC.,211019,10/19/2021,088691,CMX ,01,088 ,485974,12474,63126,76694,245232,17960,124560,66761,14554,175322,39772,18216,439780,465621,46194,20353,485974,12474,63126,76694,245232,17960,124560,66761,14554,175322,39772,18216,439780,465621,46194,20353,0,0,0,0,0,0,0,0,0,0,0,0,0,0,0,0,1592,-1785,1027,-806,7958,-978,-7108,-6388,-477,8487,-43,1884,-783,2983,2375,-1391,100,2.6,13,15.8,50.5,3.7,25.6,13.7,3,36.1,8.2,3.7,90.5,95.8,9.5,4.2,100,2.6,13,15.8,50.5,3.7,25.6,13.7,3,36.1,8.2,3.7,90.5,95.8,9.5,4.2,100,0,0,0,0,0,0,0,0,0,0,0,0,0,0,0,314,12,16,17,32,17,67,34,29,103,35,33,242,156,314,12,16,17,32,17,67,34,29,103,35,33,242,156,0,0,0,0,0,0,0,0,0,0,0,0,0,0,25.6,29.8,36.7,47.2,24.1,29.7,34.1,46.9,25.6,29.8,36.7,47.2,24.1,29.7,34.1,46.9,0,0,0,0,0,0,0,0,(CONTRACTS OF 100 TROY OUNCES),N20,FutOnly
GOLD - COMMODITY EXCHANGE INC.,211012,10/12/2021,088691,CMX ,01,088 ,484382,14259,62099,77500,237274,18938,131668,73149,15031,166835,39815,16332,440563,462638,43819,21744,484382,14259,62099,77500,237274,18938,131668,73149,15031,166835,39815,16332,440563,462638,43819,21744,0,0,0,0,0,0,0,0,0,0,0,0,0,0,0,0,593,-608,4424,275,-845,-3199,4923,570,1020,-2359,-963,739,791,1746,-198,-1153,100,2.9,12.8,16,49,3.9,27.2,15.1,3.1,34.4,8.2,3.4,91,95.5,9,4.5,100,2.9,12.8,16,49,3.9,27.2,15.1,3.1,34.4,8.2,3.4,91,95.5,9,4.5,100,0,0,0,0,0,0,0,0,0,0,0,0,0,0,0,319,14,16,18,31,16,71,39,33,93,38,34,244,163,319,14,16,18,31,16,71,39,33,93,38,34,244,163,0,0,0,0,0,0,0,0,0,0,0,0,0,0,25.6,30.1,36.7,47.2,24,30,34.1,46.8,25.6,30.1,36.7,47.2,24,30,34.1,46.8,0,0,0,0,0,0,0,0,(CONTRACTS OF 100 TROY OUNCES),N20,FutOnly
GOLD - COMMODITY EXCHANGE INC.,211005,10/5/2021,088691,CMX ,01,088 ,483789,14867,57675,77225,238119,22137,126745,72579,14011,169194,40778,15593,439772,460892,44017,22897,483789,14867,57675,77225,238119,22137,126745,72579,14011,169194,40778,15593,439772,460892,44017,22897,0,0,0,0,0,0,0,0,0,0,0,0,0,0,0,0,-7069,-3593,-2645,4553,17156,-10804,7822,-15483,-1640,-5697,3425,3094,-6265,-6897,-804,-172,100,3.1,11.9,16,49.2,4.6,26.2,15,2.9,35,8.4,3.2,90.9,95.3,9.1,4.7,100,3.1,11.9,16,49.2,4.6,26.2,15,2.9,35,8.4,3.2,90.9,95.3,9.1,4.7,100,0,0,0,0,0,0,0,0,0,0,0,0,0,0,0,305,15,17,17,29,19,68,36,34,95,32,36,244,156,305,15,17,17,29,19,68,36,34,95,32,36,244,156,0,0,0,0,0,0,0,0,0,0,0,0,0,0,25.6,30.1,36.9,47.2,24.1,30,34,46.7,25.6,30.1,36.9,47.2,24.1,30,34,46.7,0,0,0,0,0,0,0,0,(CONTRACTS OF 100 TROY OUNCES),N20,FutOnly
GOLD - COMMODITY EXCHANGE INC.,210928,9/28/2021,088691,CMX ,01,088 ,490858,18460,60320,72672,220963,32941,118923,88062,15651,174891,37353,12499,446037,467789,44821,23069,490858,18460,60320,72672,220963,32941,118923,88062,15651,174891,37353,12499,446037,467789,44821,23069,0,0,0,0,0,0,0,0,0,0,0,0,0,0,0,0,-1907,3371,-1582,567,-16973,828,-854,15129,-341,-2002,1263,-2661,-1092,-4337,-815,2430,100,3.8,12.3,14.8,45,6.7,24.2,17.9,3.2,35.6,7.6,2.5,90.9,95.3,9.1,4.7,100,3.8,12.3,14.8,45,6.7,24.2,17.9,3.2,35.6,7.6,2.5,90.9,95.3,9.1,4.7,100,0,0,0,0,0,0,0,0,0,0,0,0,0,0,0,303,14,16,19,29,19,60,47,34,89,32,33,228,166,303,14,16,19,29,19,60,47,34,89,32,33,228,166,0,0,0,0,0,0,0,0,0,0,0,0,0,0,25.7,29.2,36.9,45.8,23.8,28.7,33.5,44.6,25.7,29.2,36.9,45.8,23.8,28.7,33.5,44.6,0,0,0,0,0,0,0,0,(CONTRACTS OF 100 TROY OUNCES),N20,FutOnly
GOLD - COMMODITY EXCHANGE INC.,210921,9/21/2021,088691,CMX ,01,088 ,492765,15089,61902,72105,237936,32113,119777,72933,15992,176893,36090,15160,447129,472126,45636,20639,492765,15089,61902,72105,237936,32113,119777,72933,15992,176893,36090,15160,447129,472126,45636,20639,0,0,0,0,0,0,0,0,0,0,0,0,0,0,0,0,-13591,1940,-5284,-686,-15069,-1099,-11060,13318,-1540,742,-3523,-427,-12130,-13624,-1461,33,100,3.1,12.6,14.6,48.3,6.5,24.3,14.8,3.2,35.9,7.3,3.1,90.7,95.8,9.3,4.2,100,3.1,12.6,14.6,48.3,6.5,24.3,14.8,3.2,35.9,7.3,3.1,90.7,95.8,9.3,4.2,100,0,0,0,0,0,0,0,0,0,0,0,0,0,0,0,302,14,14,20,30,21,63,39,35,88,35,44,240,167,302,14,14,20,30,21,63,39,35,88,35,44,240,167,0,0,0,0,0,0,0,0,0,0,0,0,0,0,25.9,30.5,37.3,47.1,24.1,30.4,33.8,46.4,25.9,30.5,37.3,47.1,24.1,30.4,33.8,46.4,0,0,0,0,0,0,0,0,(CONTRACTS OF 100 TROY OUNCES),N20,FutOnly
GOLD - COMMODITY EXCHANGE INC.,210914,9/14/2021,088691,CMX ,01,088 ,506356,13149,67186,72791,253005,33212,130837,59615,17532,176151,39613,15587,459259,485750,47097,20606,506356,13149,67186,72791,253005,33212,130837,59615,17532,176151,39613,15587,459259,485750,47097,20606,0,0,0,0,0,0,0,0,0,0,0,0,0,0,0,0,-416,-1074,388,-74,-3093,394,1793,-1834,1565,-822,1084,-81,1701,-1577,-2117,1161,100,2.6,13.3,14.4,50,6.6,25.8,11.8,3.5,34.8,7.8,3.1,90.7,95.9,9.3,4.1,100,2.6,13.3,14.4,50,6.6,25.8,11.8,3.5,34.8,7.8,3.1,90.7,95.9,9.3,4.1,100,0,0,0,0,0,0,0,0,0,0,0,0,0,0,0,306,10,15,19,29,25,77,27,33,95,35,38,251,155,306,10,15,19,29,25,77,27,33,95,35,38,251,155,0,0,0,0,0,0,0,0,0,0,0,0,0,0,25.3,30.5,36.3,48.2,23.7,30.4,33.1,47,25.3,30.5,36.3,48.2,23.7,30.4,33.1,47,0,0,0,0,0,0,0,0,(CONTRACTS OF 100 TROY OUNCES),N20,FutOnly
GOLD - COMMODITY EXCHANGE INC.,210907,9/7/2021,088691,CMX ,01,088 ,506772,14223,66798,72865,256098,32818,129044,61449,15967,176973,38529,15668,457558,487327,49214,19445,506772,14223,66798,72865,256098,32818,129044,61449,15967,176973,38529,15668,457558,487327,49214,19445,0,0,0,0,0,0,0,0,0,0,0,0,0,0,0,0,-341,643,477,292,-4246,-925,-7511,6571,-737,2524,-1047,-327,-6041,-234,5700,-107,100,2.8,13.2,14.4,50.5,6.5,25.5,12.1,3.2,34.9,7.6,3.1,90.3,96.2,9.7,3.8,100,2.8,13.2,14.4,50.5,6.5,25.5,12.1,3.2,34.9,7.6,3.1,90.3,96.2,9.7,3.8,100,0,0,0,0,0,0,0,0,0,0,0,0,0,0,0,311,13,19,19,29,20,73,31,34,99,31,40,246,165,311,13,19,19,29,20,73,31,34,99,31,40,246,165,0,0,0,0,0,0,0,0,0,0,0,0,0,0,25.3,30.2,36.2,47.7,23.9,30.1,33.1,46.7,25.3,30.2,36.2,47.7,23.9,30.1,33.1,46.7,0,0,0,0,0,0,0,0,(CONTRACTS OF 100 TROY OUNCES),N20,FutOnly
GOLD - COMMODITY EXCHANGE INC.,210831,8/31/2021,088691,CMX ,01,088 ,507113,13580,66321,72573,260344,33743,136555,54878,16704,174449,39576,15995,463599,487561,43514,19552,507113,13580,66321,72573,260344,33743,136555,54878,16704,174449,39576,15995,463599,487561,43514,19552,0,0,0,0,0,0,0,0,0,0,0,0,0,0,0,0,2378,-825,-3250,-1259,7000,-1121,9919,3686,-1578,2001,2337,-3756,3381,3318,-1003,-940,100,2.7,13.1,14.3,51.3,6.7,26.9,10.8,3.3,34.4,7.8,3.2,91.4,96.1,8.6,3.9,100,2.7,13.1,14.3,51.3,6.7,26.9,10.8,3.3,34.4,7.8,3.2,91.4,96.1,8.6,3.9,100,0,0,0,0,0,0,0,0,0,0,0,0,0,0,0,316,12,20,20,29,20,82,30,32,94,32,40,255,159,316,12,20,20,29,20,82,30,32,94,32,40,255,159,0,0,0,0,0,0,0,0,0,0,0,0,0,0,25.5,30.6,36.2,48,24,30.5,33.2,46.5,25.5,30.6,36.2,48,24,30.5,33.2,46.5,0,0,0,0,0,0,0,0,(CONTRACTS OF 100 TROY OUNCES),N20,FutOnly
GOLD - COMMODITY EXCHANGE INC.,210824,8/24/2021,088691,CMX ,01,088 ,504735,14405,69571,73832,253344,34864,126636,51192,18282,172448,37239,19751,460218,484243,44517,20492,504735,14405,69571,73832,253344,34864,126636,51192,18282,172448,37239,19751,460218,484243,44517,20492,0,0,0,0,0,0,0,0,0,0,0,0,0,0,0,0,19250,-144,3186,-68,17280,12,9364,-7002,2283,5283,2538,2318,19048,20615,202,-1365,100,2.9,13.8,14.6,50.2,6.9,25.1,10.1,3.6,34.2,7.4,3.9,91.2,95.9,8.8,4.1,100,2.9,13.8,14.6,50.2,6.9,25.1,10.1,3.6,34.2,7.4,3.9,91.2,95.9,8.8,4.1,100,0,0,0,0,0,0,0,0,0,0,0,0,0,0,0,311,12,17,18,30,21,84,22,30,95,36,42,250,161,311,12,17,18,30,21,84,22,30,95,36,42,250,161,0,0,0,0,0,0,0,0,0,0,0,0,0,0,23.8,30.6,35,47.4,22.5,30.5,31.7,46,23.8,30.6,35,47.4,22.5,30.5,31.7,46,0,0,0,0,0,0,0,0,(CONTRACTS OF 100 TROY OUNCES),N20,FutOnly
GOLD - COMMODITY EXCHANGE INC.,210817,8/17/2021,088691,CMX ,01,088 ,485485,14549,66385,73900,236064,34852,117272,58194,15999,167165,34701,17433,441170,463628,44315,21857,485485,14549,66385,73900,236064,34852,117272,58194,15999,167165,34701,17433,441170,463628,44315,21857,0,0,0,0,0,0,0,0,0,0,0,0,0,0,0,0,8253,-795,3410,1693,15847,-2317,5380,-18295,2971,1797,2336,2694,11423,6646,-3170,1607,100,3,13.7,15.2,48.6,7.2,24.2,12,3.3,34.4,7.1,3.6,90.9,95.5,9.1,4.5,100,3,13.7,15.2,48.6,7.2,24.2,12,3.3,34.4,7.1,3.6,90.9,95.5,9.1,4.5,100,0,0,0,0,0,0,0,0,0,0,0,0,0,0,0,306,13,16,20,28,23,71,32,34,98,32,39,247,161,306,13,16,20,28,23,71,32,34,98,32,39,247,161,0,0,0,0,0,0,0,0,0,0,0,0,0,0,23,30.7,34.7,48,21.6,30.6,31.3,46.1,23,30.7,34.7,48,21.6,30.6,31.3,46.1,0,0,0,0,0,0,0,0,(CONTRACTS OF 100 TROY OUNCES),N20,FutOnly
GOLD - COMMODITY EXCHANGE INC.,210810,8/10/2021,088691,CMX ,01,088 ,477232,15344,62975,72207,220217,37169,111892,76489,13028,165368,32365,14739,429747,456982,47485,20250,477232,15344,62975,72207,220217,37169,111892,76489,13028,165368,32365,14739,429747,456982,47485,20250,0,0,0,0,0,0,0,0,0,0,0,0,0,0,0,0,-8431,-2083,-10851,-1077,-27952,6531,-21028,33442,-7432,25145,-1396,-4381,-4325,-12039,-4106,3608,100,3.2,13.2,15.1,46.1,7.8,23.4,16,2.7,34.7,6.8,3.1,90,95.8,9.9,4.2,100,3.2,13.2,15.1,46.1,7.8,23.4,16,2.7,34.7,6.8,3.1,90,95.8,9.9,4.2,100,0,0,0,0,0,0,0,0,0,0,0,0,0,0,0,310,15,16,18,29,24,66,41,37,105,24,33,246,165,310,15,16,18,29,24,66,41,37,105,24,33,246,165,0,0,0,0,0,0,0,0,0,0,0,0,0,0,21.1,30.4,32.7,47.4,19.6,30.3,29.3,46.3,21.1,30.4,32.7,47.4,19.6,30.3,29.3,46.3,0,0,0,0,0,0,0,0,(CONTRACTS OF 100 TROY OUNCES),N20,FutOnly
GOLD - COMMODITY EXCHANGE INC.,210803,8/3/2021,088691,CMX ,01,088 ,485663,17427,73826,73284,248169,30638,132920,43047,20460,140223,33761,19120,434072,469021,51591,16642,485663,17427,73826,73284,248169,30638,132920,43047,20460,140223,33761,19120,434072,469021,51591,16642,0,0,0,0,0,0,0,0,0,0,0,0,0,0,0,0,-14524,3553,3666,5640,7997,-4342,1285,1642,-23780,-1830,866,1439,-18035,-12512,3511,-2012,100,3.6,15.2,15.1,51.1,6.3,27.4,8.9,4.2,28.9,7,3.9,89.4,96.6,10.6,3.4,100,3.6,15.2,15.1,51.1,6.3,27.4,8.9,4.2,28.9,7,3.9,89.4,96.6,10.6,3.4,100,0,0,0,0,0,0,0,0,0,0,0,0,0,0,0,308,15,16,20,27,27,89,19,31,103,22,31,266,138,308,15,16,20,27,27,89,19,31,103,22,31,266,138,0,0,0,0,0,0,0,0,0,0,0,0,0,0,18.2,31.8,28.4,48.3,17.1,31.4,25.5,47,18.2,31.8,28.4,48.3,17.1,31.4,25.5,47,0,0,0,0,0,0,0,0,(CONTRACTS OF 100 TROY OUNCES),N20,FutOnly
GOLD - COMMODITY EXCHANGE INC.,210727,7/27/2021,088691,CMX ,01,088 ,500187,13874,70160,67644,240172,34980,131635,41405,44240,142053,32895,17681,452107,481533,48080,18654,500187,13874,70160,67644,240172,34980,131635,41405,44240,142053,32895,17681,452107,481533,48080,18654,0,0,0,0,0,0,0,0,0,0,0,0,0,0,0,0,9667,-493,-8037,83,7893,-6633,-3528,-3330,24220,-96,-3710,-2766,10787,7637,-1120,2030,100,2.8,14,13.5,48,7,26.3,8.3,8.8,28.4,6.6,3.5,90.4,96.3,9.6,3.7,100,2.8,14,13.5,48,7,26.3,8.3,8.8,28.4,6.6,3.5,90.4,96.3,9.6,3.7,100,0,0,0,0,0,0,0,0,0,0,0,0,0,0,0,312,13,17,20,28,26,85,21,34,106,24,39,262,156,312,13,17,20,28,26,85,21,34,106,24,39,262,156,0,0,0,0,0,0,0,0,0,0,0,0,0,0,18.6,29.9,29.8,45,16.7,29.7,24.9,43.3,18.6,29.9,29.8,45,16.7,29.7,24.9,43.3,0,0,0,0,0,0,0,0,(CONTRACTS OF 100 TROY OUNCES),N20,FutOnly
GOLD - COMMODITY EXCHANGE INC.,210720,7/20/2021,088691,CMX ,01,088 ,490520,14367,78197,67561,232279,41613,135163,44735,20020,142149,36605,20447,441320,473896,49200,16624,490520,14367,78197,67561,232279,41613,135163,44735,20020,142149,36605,20447,441320,473896,49200,16624,0,0,0,0,0,0,0,0,0,0,0,0,0,0,0,0,-5278,-390,2271,1450,6309,10042,-775,-4912,-2099,2544,1545,-15171,-4399,-2015,-879,-3263,100,2.9,15.9,13.8,47.4,8.5,27.6,9.1,4.1,29,7.5,4.2,90,96.6,10,3.4,100,2.9,15.9,13.8,47.4,8.5,27.6,9.1,4.1,29,7.5,4.2,90,96.6,10,3.4,100,0,0,0,0,0,0,0,0,0,0,0,0,0,0,0,319,14,22,17,29,27,92,21,34,99,29,42,265,166,319,14,22,17,29,27,92,21,34,99,29,42,265,166,0,0,0,0,0,0,0,0,0,0,0,0,0,0,18.6,29.6,29,43.7,17.6,29.5,25.7,43.6,18.6,29.6,29,43.7,17.6,29.5,25.7,43.6,0,0,0,0,0,0,0,0,(CONTRACTS OF 100 TROY OUNCES),N20,FutOnly
GOLD - COMMODITY EXCHANGE INC.,210713,7/13/2021,088691,CMX ,01,088 ,495798,14757,75926,66111,225970,31571,135938,49647,22119,139605,35060,35618,445719,475911,50079,19887,495798,14757,75926,66111,225970,31571,135938,49647,22119,139605,35060,35618,445719,475911,50079,19887,0,0,0,0,0,0,0,0,0,0,0,0,0,0,0,0,29987,599,918,-654,5329,4819,4720,-3611,907,278,594,19167,29836,28123,151,1864,100,3,15.3,13.3,45.6,6.4,27.4,10,4.5,28.2,7.1,7.2,89.9,96,10.1,4,100,3,15.3,13.3,45.6,6.4,27.4,10,4.5,28.2,7.1,7.2,89.9,96,10.1,4,100,0,0,0,0,0,0,0,0,0,0,0,0,0,0,0,318,15,20,17,28,25,90,21,37,99,30,46,268,166,318,15,20,17,28,25,90,21,37,99,30,46,268,166,0,0,0,0,0,0,0,0,0,0,0,0,0,0,18.1,28.8,28.1,43.3,17.2,28.7,25.2,42.8,18.1,28.8,28.1,43.3,17.2,28.7,25.2,42.8,0,0,0,0,0,0,0,0,(CONTRACTS OF 100 TROY OUNCES),N20,FutOnly
GOLD - COMMODITY EXCHANGE INC.,210706,7/6/2021,088691,CMX ,01,088 ,465811,14158,75008,66765,220641,26752,131218,53258,21212,139327,34466,16451,415883,447788,49928,18023,465811,14158,75008,66765,220641,26752,131218,53258,21212,139327,34466,16451,415883,447788,49928,18023,0,0,0,0,0,0,0,0,0,0,0,0,0,0,0,0,12451,-359,6036,-435,12776,1071,15780,-798,-2718,559,-3458,-327,13571,12582,-1120,-131,100,3,16.1,14.3,47.4,5.7,28.2,11.4,4.6,29.9,7.4,3.5,89.3,96.1,10.7,3.9,100,3,16.1,14.3,47.4,5.7,28.2,11.4,4.6,29.9,7.4,3.5,89.3,96.1,10.7,3.9,100,0,0,0,0,0,0,0,0,0,0,0,0,0,0,0,314,14,19,15,29,24,83,22,33,103,33,39,256,161,314,14,19,15,29,24,83,22,33,103,33,39,256,161,0,0,0,0,0,0,0,0,0,0,0,0,0,0,19.4,30.6,30.2,45.5,18.5,30.5,27.4,45.4,19.4,30.6,30.2,45.5,18.5,30.5,27.4,45.4,0,0,0,0,0,0,0,0,(CONTRACTS OF 100 TROY OUNCES),N20,FutOnly
GOLD - COMMODITY EXCHANGE INC.,210629,6/29/2021,088691,CMX ,01,088 ,453360,14517,68972,67200,207865,25681,115438,54056,23930,138768,37924,16778,402312,435206,51048,18154,453360,14517,68972,67200,207865,25681,115438,54056,23930,138768,37924,16778,402312,435206,51048,18154,0,0,0,0,0,0,0,0,0,0,0,0,0,0,0,0,-580,37,-1718,547,-4960,984,5400,6554,-1511,-4347,-1513,414,1524,-1750,-2104,1170,100,3.2,15.2,14.8,45.8,5.7,25.5,11.9,5.3,30.6,8.4,3.7,88.7,96,11.3,4,100,3.2,15.2,14.8,45.8,5.7,25.5,11.9,5.3,30.6,8.4,3.7,88.7,96,11.3,4,100,0,0,0,0,0,0,0,0,0,0,0,0,0,0,0,309,13,21,20,26,26,70,28,32,101,32,35,243,165,309,13,21,20,26,26,70,28,32,101,32,35,243,165,0,0,0,0,0,0,0,0,0,0,0,0,0,0,19.8,30.5,30.7,45.6,18.7,30.3,27.2,45.3,19.8,30.5,30.7,45.6,18.7,30.3,27.2,45.3,0,0,0,0,0,0,0,0,(CONTRACTS OF 100 TROY OUNCES),N20,FutOnly
GOLD - COMMODITY EXCHANGE INC.,210622,6/22/2021,088691,CMX ,01,088 ,453940,14480,70690,66653,212825,24697,110038,47502,25441,143115,39437,16364,400788,436956,53152,16984,453940,14480,70690,66653,212825,24697,110038,47502,25441,143115,39437,16364,400788,436956,53152,16984,0,0,0,0,0,0,0,0,0,0,0,0,0,0,0,0,-26187,-725,-8656,1596,-19317,-1364,-28508,5748,33,7714,-720,-1765,-23019,-26041,-3168,-146,100,3.2,15.6,14.7,46.9,5.4,24.2,10.5,5.6,31.5,8.7,3.6,88.3,96.3,11.7,3.7,100,3.2,15.6,14.7,46.9,5.4,24.2,10.5,5.6,31.5,8.7,3.6,88.3,96.3,11.7,3.7,100,0,0,0,0,0,0,0,0,0,0,0,0,0,0,0,319,13,19,19,29,23,71,29,29,105,36,31,251,156,319,13,19,19,29,23,71,29,29,105,36,31,251,156,0,0,0,0,0,0,0,0,0,0,0,0,0,0,19.7,30.6,30.3,45.8,18.8,30.6,27.2,45.6,19.7,30.6,30.3,45.8,18.8,30.6,27.2,45.6,0,0,0,0,0,0,0,0,(CONTRACTS OF 100 TROY OUNCES),N20,FutOnly
GOLD - COMMODITY EXCHANGE INC.,210615,6/15/2021,088691,CMX ,01,088 ,480127,15205,79346,65057,232142,26061,138546,41754,25408,135401,40157,18129,423807,462997,56320,17130,480127,15205,79346,65057,232142,26061,138546,41754,25408,135401,40157,18129,423807,462997,56320,17130,0,0,0,0,0,0,0,0,0,0,0,0,0,0,0,0,-11731,1377,462,1163,-11502,287,-6491,4381,-1422,-8343,-1864,-793,-14222,-10451,2491,-1280,100,3.2,16.5,13.5,48.4,5.4,28.9,8.7,5.3,28.2,8.4,3.8,88.3,96.4,11.7,3.6,100,3.2,16.5,13.5,48.4,5.4,28.9,8.7,5.3,28.2,8.4,3.8,88.3,96.4,11.7,3.6,100,0,0,0,0,0,0,0,0,0,0,0,0,0,0,0,334,14,20,20,29,24,87,22,28,103,42,34,268,157,334,14,20,20,29,24,87,22,28,103,42,34,268,157,0,0,0,0,0,0,0,0,0,0,0,0,0,0,19,28.8,28.9,43.8,18.1,28.7,26,43.7,19,28.8,28.9,43.8,18.1,28.7,26,43.7,0,0,0,0,0,0,0,0,(CONTRACTS OF 100 TROY OUNCES),N20,FutOnly
GOLD - COMMODITY EXCHANGE INC.,210608,6/8/2021,088691,CMX ,01,088 ,491858,13828,78884,63894,243644,25774,145037,37373,26830,143744,42021,18922,438029,473448,53829,18410,491858,13828,78884,63894,243644,25774,145037,37373,26830,143744,42021,18922,438029,473448,53829,18410,0,0,0,0,0,0,0,0,0,0,0,0,0,0,0,0,2660,2811,-1936,-670,708,-1631,-2233,76,-1277,2188,4193,2949,2137,3082,523,-422,100,2.8,16,13,49.5,5.2,29.5,7.6,5.5,29.2,8.5,3.8,89.1,96.3,10.9,3.7,100,2.8,16,13,49.5,5.2,29.5,7.6,5.5,29.2,8.5,3.8,89.1,96.3,10.9,3.7,100,0,0,0,0,0,0,0,0,0,0,0,0,0,0,0,334,15,21,17,30,24,92,18,34,98,46,37,273,161,334,15,21,17,30,24,92,18,34,98,46,37,273,161,0,0,0,0,0,0,0,0,0,0,0,0,0,0,18.5,28.6,28.1,43.8,17.5,28.6,25.3,43.7,18.5,28.6,28.1,43.8,17.5,28.6,25.3,43.7,0,0,0,0,0,0,0,0,(CONTRACTS OF 100 TROY OUNCES),N20,FutOnly
GOLD - COMMODITY EXCHANGE INC.,210601,6/1/2021,088691,CMX ,01,088 ,489198,11017,80820,64564,242936,27405,147270,37297,28107,141556,37828,15973,435892,470366,53306,18832,489198,11017,80820,64564,242936,27405,147270,37297,28107,141556,37828,15973,435892,470366,53306,18832,0,0,0,0,0,0,0,0,0,0,0,0,0,0,0,0,-20966,-1509,-10166,-3651,2312,-2878,3408,690,-1771,-2848,811,-5512,-14761,-16514,-6205,-4452,100,2.3,16.5,13.2,49.7,5.6,30.1,7.6,5.7,28.9,7.7,3.3,89.1,96.2,10.9,3.8,100,2.3,16.5,13.2,49.7,5.6,30.1,7.6,5.7,28.9,7.7,3.3,89.1,96.2,10.9,3.8,100,0,0,0,0,0,0,0,0,0,0,0,0,0,0,0,340,15,21,20,28,22,97,21,32,105,37,35,280,154,340,15,21,20,28,22,97,21,32,105,37,35,280,154,0,0,0,0,0,0,0,0,0,0,0,0,0,0,18.6,28.4,28.2,43.7,17.4,28.3,25.2,43.3,18.6,28.4,28.2,43.7,17.4,28.3,25.2,43.3,0,0,0,0,0,0,0,0,(CONTRACTS OF 100 TROY OUNCES),N20,FutOnly
GOLD - COMMODITY EXCHANGE INC.,210525,5/25/2021,088691,CMX ,01,088 ,510164,12526,90986,68215,240624,30283,143862,36607,29878,144404,37017,21485,450653,486880,59511,23284,510164,12526,90986,68215,240624,30283,143862,36607,29878,144404,37017,21485,450653,486880,59511,23284,0,0,0,0,0,0,0,0,0,0,0,0,0,0,0,0,-10246,-6443,6853,1017,5689,-5389,2086,-13179,2460,-4087,-4575,-4255,-14611,-12396,4365,2150,100,2.5,17.8,13.4,47.2,5.9,28.2,7.2,5.9,28.3,7.3,4.2,88.3,95.4,11.7,4.6,100,2.5,17.8,13.4,47.2,5.9,28.2,7.2,5.9,28.3,7.3,4.2,88.3,95.4,11.7,4.6,100,0,0,0,0,0,0,0,0,0,0,0,0,0,0,0,347,14,23,20,28,30,99,18,33,109,38,41,290,166,347,14,23,20,28,30,99,18,33,109,38,41,290,166,0,0,0,0,0,0,0,0,0,0,0,0,0,0,18.1,28.6,27.6,43.5,16.8,28.5,24.5,42.4,18.1,28.6,27.6,43.5,16.8,28.5,24.5,42.4,0,0,0,0,0,0,0,0,(CONTRACTS OF 100 TROY OUNCES),N20,FutOnly
GOLD - COMMODITY EXCHANGE INC.,210518,5/18/2021,088691,CMX ,01,088 ,520410,18969,84133,67198,234935,35672,141776,49786,27418,148491,41592,25740,465264,499276,55146,21134,520410,18969,84133,67198,234935,35672,141776,49786,27418,148491,41592,25740,465264,499276,55146,21134,0,0,0,0,0,0,0,0,0,0,0,0,0,0,0,0,21717,2610,-3017,52,11496,7426,10481,106,290,-2375,1366,2487,20971,20154,746,1563,100,3.6,16.2,12.9,45.1,6.9,27.2,9.6,5.3,28.5,8,4.9,89.4,95.9,10.6,4.1,100,3.6,16.2,12.9,45.1,6.9,27.2,9.6,5.3,28.5,8,4.9,89.4,95.9,10.6,4.1,100,0,0,0,0,0,0,0,0,0,0,0,0,0,0,0,353,14,25,20,26,25,107,19,35,106,35,46,299,166,353,14,25,20,26,25,107,19,35,106,35,46,299,166,0,0,0,0,0,0,0,0,0,0,0,0,0,0,17.5,29.1,26.8,42.6,16.5,29.1,24.6,42.4,17.5,29.1,26.8,42.6,16.5,29.1,24.6,42.4,0,0,0,0,0,0,0,0,(CONTRACTS OF 100 TROY OUNCES),N20,FutOnly
GOLD - COMMODITY EXCHANGE INC.,210511,5/11/2021,088691,CMX ,01,088 ,498693,16359,87150,67146,223439,28246,131295,49680,27128,150866,40226,23253,444293,479122,54400,19571,498693,16359,87150,67146,223439,28246,131295,49680,27128,150866,40226,23253,444293,479122,54400,19571,0,0,0,0,0,0,0,0,0,0,0,0,0,0,0,0,28352,5316,8864,-1323,20290,3797,13861,-14129,1920,-1894,4582,3401,25078,28725,3274,-373,100,3.3,17.5,13.5,44.8,5.7,26.3,10,5.4,30.3,8.1,4.7,89.1,96.1,10.9,3.9,100,3.3,17.5,13.5,44.8,5.7,26.3,10,5.4,30.3,8.1,4.7,89.1,96.1,10.9,3.9,100,0,0,0,0,0,0,0,0,0,0,0,0,0,0,0,330,15,23,17,27,23,92,24,37,108,31,41,281,159,330,15,23,17,27,23,92,24,37,108,31,41,281,159,0,0,0,0,0,0,0,0,0,0,0,0,0,0,18,30.4,27.1,43.5,17.4,30.4,26.2,43.4,18,30.4,27.1,43.5,17.4,30.4,26.2,43.4,0,0,0,0,0,0,0,0,(CONTRACTS OF 100 TROY OUNCES),N20,FutOnly
GOLD - COMMODITY EXCHANGE INC.,210504,5/4/2021,088691,CMX ,01,088 ,470341,11043,78286,68469,203149,24449,117434,63809,25208,152760,35644,19852,419215,450397,51126,19944,470341,11043,78286,68469,203149,24449,117434,63809,25208,152760,35644,19852,419215,450397,51126,19944,0,0,0,0,0,0,0,0,0,0,0,0,0,0,0,0,-2964,-499,-4982,-1062,-1833,1790,290,-2684,-222,-813,2039,625,109,-5267,-3073,2303,100,2.3,16.6,14.6,43.2,5.2,25,13.6,5.4,32.5,7.6,4.2,89.1,95.8,10.9,4.2,100,2.3,16.6,14.6,43.2,5.2,25,13.6,5.4,32.5,7.6,4.2,89.1,95.8,10.9,4.2,100,0,0,0,0,0,0,0,0,0,0,0,0,0,0,0,320,12,21,19,26,25,80,33,42,104,27,41,267,168,320,12,21,19,26,25,80,33,42,104,27,41,267,168,0,0,0,0,0,0,0,0,0,0,0,0,0,0,19.6,31.3,30,44.1,19.1,30.9,28.3,43.6,19.6,31.3,30,44.1,19.1,30.9,28.3,43.6,0,0,0,0,0,0,0,0,(CONTRACTS OF 100 TROY OUNCES),N20,FutOnly
GOLD - COMMODITY EXCHANGE INC.,210427,4/27/2021,088691,CMX ,01,088 ,473305,11542,83268,69531,204982,22659,117144,66493,25430,153573,33605,19227,419106,455664,54199,17641,473305,11542,83268,69531,204982,22659,117144,66493,25430,153573,33605,19227,419106,455664,54199,17641,0,0,0,0,0,0,0,0,0,0,0,0,0,0,0,0,1567,-213,-4252,1678,-299,1362,301,6074,95,-5569,-463,87,-2259,2604,3826,-1037,100,2.4,17.6,14.7,43.3,4.8,24.8,14,5.4,32.4,7.1,4.1,88.5,96.3,11.5,3.7,100,2.4,17.6,14.7,43.3,4.8,24.8,14,5.4,32.4,7.1,4.1,88.5,96.3,11.5,3.7,100,0,0,0,0,0,0,0,0,0,0,0,0,0,0,0,322,14,23,19,26,24,78,33,41,103,29,39,264,170,322,14,23,19,26,24,78,33,41,103,29,39,264,170,0,0,0,0,0,0,0,0,0,0,0,0,0,0,21.4,31.8,31.9,44.9,20.9,31.6,30.3,44.5,21.4,31.8,31.9,44.9,20.9,31.6,30.3,44.5,0,0,0,0,0,0,0,0,(CONTRACTS OF 100 TROY OUNCES),N20,FutOnly
GOLD - COMMODITY EXCHANGE INC.,210420,4/20/2021,088691,CMX ,01,088 ,471738,11755,87520,67853,205281,21297,116843,60419,25335,159142,34068,19140,421365,453060,50373,18678,471738,11755,87520,67853,205281,21297,116843,60419,25335,159142,34068,19140,421365,453060,50373,18678,0,0,0,0,0,0,0,0,0,0,0,0,0,0,0,0,11005,170,883,336,4028,172,4773,2156,525,1699,3692,1130,8805,12586,2200,-1581,100,2.5,18.6,14.4,43.5,4.5,24.8,12.8,5.4,33.7,7.2,4.1,89.3,96,10.7,4,100,2.5,18.6,14.4,43.5,4.5,24.8,12.8,5.4,33.7,7.2,4.1,89.3,96,10.7,4,100,0,0,0,0,0,0,0,0,0,0,0,0,0,0,0,329,17,25,19,27,22,82,30,43,105,30,40,277,166,329,17,25,19,27,22,82,30,43,105,30,40,277,166,0,0,0,0,0,0,0,0,0,0,0,0,0,0,22.8,33,33.2,46.6,22.6,32.5,31.9,45.5,22.8,33,33.2,46.6,22.6,32.5,31.9,45.5,0,0,0,0,0,0,0,0,(CONTRACTS OF 100 TROY OUNCES),N20,FutOnly
GOLD - COMMODITY EXCHANGE INC.,210413,4/13/2021,088691,CMX ,01,088 ,460733,11585,86637,67517,201253,21125,112070,58263,24810,157443,30376,18010,412560,440474,48173,20259,460733,11585,86637,67517,201253,21125,112070,58263,24810,157443,30376,18010,412560,440474,48173,20259,0,0,0,0,0,0,0,0,0,0,0,0,0,0,0,0,-2620,-331,-3890,1778,-674,584,-9493,3172,-1419,3303,-727,1086,-4492,-1868,1872,-752,100,2.5,18.8,14.7,43.7,4.6,24.3,12.6,5.4,34.2,6.6,3.9,89.5,95.6,10.5,4.4,100,2.5,18.8,14.7,43.7,4.6,24.3,12.6,5.4,34.2,6.6,3.9,89.5,95.6,10.5,4.4,100,0,0,0,0,0,0,0,0,0,0,0,0,0,0,0,329,15,22,20,26,20,76,39,38,107,30,37,268,163,329,15,22,20,26,20,76,39,38,107,30,37,268,163,0,0,0,0,0,0,0,0,0,0,0,0,0,0,22.4,33.3,32.9,47.9,22.2,32.8,31.7,46.2,22.4,33.3,32.9,47.9,22.2,32.8,31.7,46.2,0,0,0,0,0,0,0,0,(CONTRACTS OF 100 TROY OUNCES),N20,FutOnly
GOLD - COMMODITY EXCHANGE INC.,210406,4/6/2021,088691,CMX ,01,088 ,463353,11916,90527,65739,201927,20541,121563,55091,26229,154140,31103,16924,417052,442342,46301,21011,463353,11916,90527,65739,201927,20541,121563,55091,26229,154140,31103,16924,417052,442342,46301,21011,0,0,0,0,0,0,0,0,0,0,0,0,0,0,0,0,-3968,-4525,1198,2013,17363,-11364,8554,-14845,-1051,3696,5114,1388,-1289,-2197,-2679,-1771,100,2.6,19.5,14.2,43.6,4.4,26.2,11.9,5.7,33.3,6.7,3.7,90,95.5,10,4.5,100,2.6,19.5,14.2,43.6,4.4,26.2,11.9,5.7,33.3,6.7,3.7,90,95.5,10,4.5,100,0,0,0,0,0,0,0,0,0,0,0,0,0,0,0,323,16,22,19,27,21,74,38,37,105,29,35,263,161,323,16,22,19,27,21,74,38,37,105,29,35,263,161,0,0,0,0,0,0,0,0,0,0,0,0,0,0,21.5,33.2,31.8,47.4,21.1,32.8,30.6,46.3,21.5,33.2,31.8,47.4,21.1,32.8,30.6,46.3,0,0,0,0,0,0,0,0,(CONTRACTS OF 100 TROY OUNCES),N20,FutOnly
GOLD - COMMODITY EXCHANGE INC.,210330,3/30/2021,088691,CMX ,01,088 ,467321,16441,89329,63726,184564,31905,113009,69936,27280,150444,25989,15536,418341,444539,48980,22782,467321,16441,89329,63726,184564,31905,113009,69936,27280,150444,25989,15536,418341,444539,48980,22782,0,0,0,0,0,0,0,0,0,0,0,0,0,0,0,0,-18136,971,-3714,648,-2744,-6328,5068,5516,-4111,-4389,1702,-8918,-17059,-18597,-1077,461,100,3.5,19.1,13.6,39.5,6.8,24.2,15,5.8,32.2,5.6,3.3,89.5,95.1,10.5,4.9,100,3.5,19.1,13.6,39.5,6.8,24.2,15,5.8,32.2,5.6,3.3,89.5,95.1,10.5,4.9,100,0,0,0,0,0,0,0,0,0,0,0,0,0,0,0,318,15,21,19,27,22,62,47,32,110,24,30,250,160,318,15,21,19,27,22,62,47,32,110,24,30,250,160,0,0,0,0,0,0,0,0,0,0,0,0,0,0,21.1,32,30.7,46.7,20.5,31.6,29.2,43,21.1,32,30.7,46.7,20.5,31.6,29.2,43,0,0,0,0,0,0,0,0,(CONTRACTS OF 100 TROY OUNCES),N20,FutOnly
GOLD - COMMODITY EXCHANGE INC.,210323,3/23/2021,088691,CMX ,01,088 ,485457,15470,93043,63078,187308,38233,107941,64420,31391,154833,24287,24454,435400,463136,50057,22321,485457,15470,93043,63078,187308,38233,107941,64420,31391,154833,24287,24454,435400,463136,50057,22321,0,0,0,0,0,0,0,0,0,0,0,0,0,0,0,0,8990,318,-1183,-1387,-7558,2454,7272,4872,-2840,-735,7794,4427,9509,7966,-519,1024,100,3.2,19.2,13,38.6,7.9,22.2,13.3,6.5,31.9,5,5,89.7,95.4,10.3,4.6,100,3.2,19.2,13,38.6,7.9,22.2,13.3,6.5,31.9,5,5,89.7,95.4,10.3,4.6,100,0,0,0,0,0,0,0,0,0,0,0,0,0,0,0,326,19,23,19,27,25,67,43,39,111,26,42,268,177,326,19,23,19,27,25,67,43,39,111,26,42,268,177,0,0,0,0,0,0,0,0,0,0,0,0,0,0,20.8,30.1,30.6,44.1,20.5,29.8,29.2,40.7,20.8,30.1,30.6,44.1,20.5,29.8,29.2,40.7,0,0,0,0,0,0,0,0,(CONTRACTS OF 100 TROY OUNCES),N20,FutOnly
GOLD - COMMODITY EXCHANGE INC.,210316,3/16/2021,088691,CMX ,01,088 ,476467,15152,94226,64465,194866,35779,100669,59548,34231,155568,16493,20027,425891,455170,50576,21297,476467,15152,94226,64465,194866,35779,100669,59548,34231,155568,16493,20027,425891,455170,50576,21297,0,0,0,0,0,0,0,0,0,0,0,0,0,0,0,0,2596,573,-2032,541,4741,9626,4446,-7245,3915,-3048,3610,-9517,6536,3098,-3940,-502,100,3.2,19.8,13.5,40.9,7.5,21.1,12.5,7.2,32.7,3.5,4.2,89.4,95.5,10.6,4.5,100,3.2,19.8,13.5,40.9,7.5,21.1,12.5,7.2,32.7,3.5,4.2,89.4,95.5,10.6,4.5,100,0,0,0,0,0,0,0,0,0,0,0,0,0,0,0,331,21,23,17,30,21,68,41,43,118,25,44,281,173,331,21,23,17,30,21,68,41,43,118,25,44,281,173,0,0,0,0,0,0,0,0,0,0,0,0,0,0,20.3,31.5,30.6,45.8,19.8,30.8,28.9,41.5,20.3,31.5,30.6,45.8,19.8,30.8,28.9,41.5,0,0,0,0,0,0,0,0,(CONTRACTS OF 100 TROY OUNCES),N20,FutOnly
GOLD - COMMODITY EXCHANGE INC.,210309,3/9/2021,088691,CMX ,01,088 ,473871,14579,96258,63924,190125,26153,96223,66793,30316,158616,12883,29544,419355,452072,54516,21799,473871,14579,96258,63924,190125,26153,96223,66793,30316,158616,12883,29544,419355,452072,54516,21799,0,0,0,0,0,0,0,0,0,0,0,0,0,0,0,0,6863,2554,-2662,624,-8483,6634,-10385,6145,-6761,-309,-2364,13400,5757,5909,1106,954,100,3.1,20.3,13.5,40.1,5.5,20.3,14.1,6.4,33.5,2.7,6.2,88.5,95.4,11.5,4.6,100,3.1,20.3,13.5,40.1,5.5,20.3,14.1,6.4,33.5,2.7,6.2,88.5,95.4,11.5,4.6,100,0,0,0,0,0,0,0,0,0,0,0,0,0,0,0,326,21,25,16,30,19,62,44,42,112,25,43,270,175,326,21,25,16,30,19,62,44,42,112,25,43,270,175,0,0,0,0,0,0,0,0,0,0,0,0,0,0,20.6,30.8,30.9,43.5,20.3,30.4,29.5,41.9,20.6,30.8,30.9,43.5,20.3,30.4,29.5,41.9,0,0,0,0,0,0,0,0,(CONTRACTS OF 100 TROY OUNCES),N20,FutOnly
GOLD - COMMODITY EXCHANGE INC.,210302,3/2/2021,088691,CMX ,01,088 ,467008,12025,98920,63300,198608,19519,106608,60648,37077,158925,15247,16144,413598,446163,53410,20845,467008,12025,98920,63300,198608,19519,106608,60648,37077,158925,15247,16144,413598,446163,53410,20845,0,0,0,0,0,0,0,0,0,0,0,0,0,0,0,0,-14117,1367,-4808,-709,-24060,2100,-18516,4647,1100,-32,2900,2886,-11804,-15235,-2313,1118,100,2.6,21.2,13.6,42.5,4.2,22.8,13,7.9,34,3.3,3.5,88.6,95.5,11.4,4.5,100,2.6,21.2,13.6,42.5,4.2,22.8,13,7.9,34,3.3,3.5,88.6,95.5,11.4,4.5,100,0,0,0,0,0,0,0,0,0,0,0,0,0,0,0,329,17,24,18,29,19,70,33,36,110,35,41,261,175,329,17,24,18,29,19,70,33,36,110,35,41,261,175,0,0,0,0,0,0,0,0,0,0,0,0,0,0,21.4,31.9,32.4,45.8,21.2,31.5,30.5,43.9,21.4,31.9,32.4,45.8,21.2,31.5,30.5,43.9,0,0,0,0,0,0,0,0,(CONTRACTS OF 100 TROY OUNCES),N20,FutOnly
GOLD - COMMODITY EXCHANGE INC.,210223,2/23/2021,088691,CMX ,01,088 ,481125,10658,103728,64009,222668,17419,125124,56001,35977,158957,12347,13258,425402,461398,55723,19727,481125,10658,103728,64009,222668,17419,125124,56001,35977,158957,12347,13258,425402,461398,55723,19727,0,0,0,0,0,0,0,0,0,0,0,0,0,0,0,0,-21891,-909,-7672,-689,-17275,2532,-873,-2040,1564,-18629,1774,-1470,-18474,-22587,-3417,696,100,2.2,21.6,13.3,46.3,3.6,26,11.6,7.5,33,2.6,2.8,88.4,95.9,11.6,4.1,100,2.2,21.6,13.3,46.3,3.6,26,11.6,7.5,33,2.6,2.8,88.4,95.9,11.6,4.1,100,0,0,0,0,0,0,0,0,0,0,0,0,0,0,0,313,17,23,18,28,24,68,27,33,113,26,42,263,159,313,17,23,18,28,24,68,27,33,113,26,42,263,159,0,0,0,0,0,0,0,0,0,0,0,0,0,0,21.5,31.9,31.8,47.2,21.2,31.5,30.8,45.4,21.5,31.9,31.8,47.2,21.2,31.5,30.8,45.4,0,0,0,0,0,0,0,0,(CONTRACTS OF 100 TROY OUNCES),N20,FutOnly
GOLD - COMMODITY EXCHANGE INC.,210216,2/16/2021,088691,CMX ,01,088 ,503016,11567,111400,64698,239943,14887,125997,58041,34413,177586,10573,14728,443876,483985,59140,19031,503016,11567,111400,64698,239943,14887,125997,58041,34413,177586,10573,14728,443876,483985,59140,19031,0,0,0,0,0,0,0,0,0,0,0,0,0,0,0,0,-3725,2077,-1086,714,-13240,561,-8736,10948,-2783,2993,-253,350,-4824,-5503,1099,1778,100,2.3,22.1,12.9,47.7,3,25,11.5,6.8,35.3,2.1,2.9,88.2,96.2,11.8,3.8,100,2.3,22.1,12.9,47.7,3,25,11.5,6.8,35.3,2.1,2.9,88.2,96.2,11.8,3.8,100,0,0,0,0,0,0,0,0,0,0,0,0,0,0,0,339,20,24,18,29,24,67,35,35,123,27,43,279,172,339,20,24,18,29,24,67,35,35,123,27,43,279,172,0,0,0,0,0,0,0,0,0,0,0,0,0,0,20.6,33.4,30.7,48.5,20.5,33,30.1,47.4,20.6,33.4,30.7,48.5,20.5,33,30.1,47.4,0,0,0,0,0,0,0,0,(CONTRACTS OF 100 TROY OUNCES),N20,FutOnly
GOLD - COMMODITY EXCHANGE INC.,210209,2/9/2021,088691,CMX ,01,088 ,506741,9490,112486,63984,253183,14326,134733,47093,37196,174593,10826,14378,448700,489488,58041,17253,506741,9490,112486,63984,253183,14326,134733,47093,37196,174593,10826,14378,448700,489488,58041,17253,0,0,0,0,0,0,0,0,0,0,0,0,0,0,0,0,-13270,-1270,-2401,-523,-5154,-539,-2329,-2191,-2045,-2697,2884,-2457,-11860,-11903,-1410,-1367,100,1.9,22.2,12.6,50,2.8,26.6,9.3,7.3,34.5,2.1,2.8,88.5,96.6,11.5,3.4,100,1.9,22.2,12.6,50,2.8,26.6,9.3,7.3,34.5,2.1,2.8,88.5,96.6,11.5,3.4,100,0,0,0,0,0,0,0,0,0,0,0,0,0,0,0,329,15,23,17,30,22,79,24,36,121,23,39,278,155,329,15,23,17,30,22,79,24,36,121,23,39,278,155,0,0,0,0,0,0,0,0,0,0,0,0,0,0,20.5,33.9,30.5,49.7,20.2,33.4,29.5,48.7,20.5,33.9,30.5,49.7,20.2,33.4,29.5,48.7,0,0,0,0,0,0,0,0,(CONTRACTS OF 100 TROY OUNCES),N20,FutOnly
GOLD - COMMODITY EXCHANGE INC.,210202,2/2/2021,088691,CMX ,01,088 ,520011,10760,114887,64507,258337,14865,137062,49284,39241,177290,7942,16835,460560,501391,59451,18620,520011,10760,114887,64507,258337,14865,137062,49284,39241,177290,7942,16835,460560,501391,59451,18620,0,0,0,0,0,0,0,0,0,0,0,0,0,0,0,0,-14563,482,1874,-2457,-4840,-2783,-5753,2868,806,6573,-1628,-9914,-13046,-13617,-1517,-946,100,2.1,22.1,12.4,49.7,2.9,26.4,9.5,7.5,34.1,1.5,3.2,88.6,96.4,11.4,3.6,100,2.1,22.1,12.4,49.7,2.9,26.4,9.5,7.5,34.1,1.5,3.2,88.6,96.4,11.4,3.6,100,0,0,0,0,0,0,0,0,0,0,0,0,0,0,0,323,15,23,16,29,22,77,26,36,118,19,39,272,154,323,15,23,16,29,22,77,26,36,118,19,39,272,154,0,0,0,0,0,0,0,0,0,0,0,0,0,0,20,33.3,29.8,49.6,19.6,32.6,28.7,48.5,20,33.3,29.8,49.6,19.6,32.6,28.7,48.5,0,0,0,0,0,0,0,0,(CONTRACTS OF 100 TROY OUNCES),N20,FutOnly
GOLD - COMMODITY EXCHANGE INC.,210126,1/26/2021,088691,CMX ,01,088 ,534574,10278,113013,66964,263177,17648,142815,46416,38435,170717,9570,26749,473606,515008,60968,19566,534574,10278,113013,66964,263177,17648,142815,46416,38435,170717,9570,26749,473606,515008,60968,19566,0,0,0,0,0,0,0,0,0,0,0,0,0,0,0,0,-6756,-3199,-1359,-159,9482,-1196,15654,-2674,-11609,-9629,-2209,3145,-6993,-6420,237,-336,100,1.9,21.1,12.5,49.2,3.3,26.7,8.7,7.2,31.9,1.8,5,88.6,96.3,11.4,3.7,100,1.9,21.1,12.5,49.2,3.3,26.7,8.7,7.2,31.9,1.8,5,88.6,96.3,11.4,3.7,100,0,0,0,0,0,0,0,0,0,0,0,0,0,0,0,326,12,21,15,30,26,84,24,34,118,21,49,281,158,326,12,21,15,30,26,84,24,34,118,21,49,281,158,0,0,0,0,0,0,0,0,0,0,0,0,0,0,19.3,31,28.7,48.9,19,30.8,27.8,48.2,19.3,31,28.7,48.9,19,30.8,27.8,48.2,0,0,0,0,0,0,0,0,(CONTRACTS OF 100 TROY OUNCES),N20,FutOnly
GOLD - COMMODITY EXCHANGE INC.,210119,1/19/2021,088691,CMX ,01,088 ,541330,13477,114372,67123,253695,18844,127161,49090,50044,180346,11779,23604,480599,521428,60731,19902,541330,13477,114372,67123,253695,18844,127161,49090,50044,180346,11779,23604,480599,521428,60731,19902,0,0,0,0,0,0,0,0,0,0,0,0,0,0,0,0,-14208,-1733,428,-625,-5620,-4178,-3896,-3733,12187,-1814,-2388,-12074,-12133,-15378,-2075,1170,100,2.5,21.1,12.4,46.9,3.5,23.5,9.1,9.2,33.3,2.2,4.4,88.8,96.3,11.2,3.7,100,2.5,21.1,12.4,46.9,3.5,23.5,9.1,9.2,33.3,2.2,4.4,88.8,96.3,11.2,3.7,100,0,0,0,0,0,0,0,0,0,0,0,0,0,0,0,332,14,19,16,30,19,85,25,38,118,24,42,280,156,332,14,19,16,30,19,85,25,38,118,24,42,280,156,0,0,0,0,0,0,0,0,0,0,0,0,0,0,19.1,30.6,28.4,48.3,18.9,30.4,27.4,47.1,19.1,30.6,28.4,48.3,18.9,30.4,27.4,47.1,0,0,0,0,0,0,0,0,(CONTRACTS OF 100 TROY OUNCES),N20,FutOnly
GOLD - COMMODITY EXCHANGE INC.,210112,1/12/2021,088691,CMX ,01,088 ,555538,15210,113944,67748,259315,23022,131057,52823,37857,182160,14167,35678,492732,536806,62806,18732,555538,15210,113944,67748,259315,23022,131057,52823,37857,182160,14167,35678,492732,536806,62806,18732,0,0,0,0,0,0,0,0,0,0,0,0,0,0,0,0,-13350,1903,-4823,899,-22997,5773,-36039,2296,5563,-690,-5934,8165,-14426,-11957,1076,-1393,100,2.7,20.5,12.2,46.7,4.1,23.6,9.5,6.8,32.8,2.6,6.4,88.7,96.6,11.3,3.4,100,2.7,20.5,12.2,46.7,4.1,23.6,9.5,6.8,32.8,2.6,6.4,88.7,96.6,11.3,3.4,100,0,0,0,0,0,0,0,0,0,0,0,0,0,0,0,343,12,19,17,30,19,87,25,37,122,29,47,287,164,343,12,19,17,30,19,87,25,37,122,29,47,287,164,0,0,0,0,0,0,0,0,0,0,0,0,0,0,18.7,29.7,27.5,47.6,18.4,29.5,26.8,46.7,18.7,29.7,27.5,47.6,18.4,29.5,26.8,46.7,0,0,0,0,0,0,0,0,(CONTRACTS OF 100 TROY OUNCES),N20,FutOnly
GOLD - COMMODITY EXCHANGE INC.,210105,1/5/2021,088691,CMX ,01,088 ,568888,13307,118767,66849,282312,17249,167096,50527,32294,182850,20101,27513,507158,548763,61730,20125,568888,13307,118767,66849,282312,17249,167096,50527,32294,182850,20101,27513,507158,548763,61730,20125,0,0,0,0,0,0,0,0,0,0,0,0,0,0,0,0,12474,980,956,-2334,11359,-2524,7423,-151,2847,711,-2161,2367,9470,12693,3004,-219,100,2.3,20.9,11.8,49.6,3,29.4,8.9,5.7,32.1,3.5,4.8,89.1,96.5,10.9,3.5,100,2.3,20.9,11.8,49.6,3,29.4,8.9,5.7,32.1,3.5,4.8,89.1,96.5,10.9,3.5,100,0,0,0,0,0,0,0,0,0,0,0,0,0,0,0,350,11,22,17,30,20,101,13,29,125,29,42,292,153,350,11,22,17,30,20,101,13,29,125,29,42,292,153,0,0,0,0,0,0,0,0,0,0,0,0,0,0,18.3,29.6,26.7,49.6,18,29.5,25.9,49.2,18.3,29.6,26.7,49.6,18,29.5,25.9,49.2,0,0,0,0,0,0,0,0,(CONTRACTS OF 100 TROY OUNCES),N20,FutOnly
MICRO GOLD - COMMODITY EXCHANGE INC.,211123,11/23/2021,088695,CMX ,01,088 ,32929,0,0,0,0,0,2071,1175,20,6355,17947,6079,14525,25221,18404,7708,32929,0,0,0,0,0,2071,1175,20,6355,17947,6079,14525,25221,18404,7708,0,0,0,0,0,0,0,0,0,0,0,0,0,0,0,0,5230,0,0,0,0,0,194,475,-51,406,5913,1786,2335,8123,2895,-2893,100,0,0,0,0,0,6.3,3.6,0.1,19.3,54.5,18.5,44.1,76.6,55.9,23.4,100,0,0,0,0,0,6.3,3.6,0.1,19.3,54.5,18.5,44.1,76.6,55.9,23.4,100,0,0,0,0,0,0,0,0,0,0,0,0,0,0,0,21,0,0,0,0,0,,,,8,9,10,16,16,21,0,0,0,0,0,,,,8,9,10,16,16,0,0,0,0,0,0,0,0,0,0,0,0,0,0,27.4,51.2,37.9,67.4,17.6,45.9,24.3,57,27.4,51.2,37.9,67.4,17.6,45.9,24.3,57,0,0,0,0,0,0,0,0,(CONTRACTS OF 10 TROY OUNCES),N20,FutOnly
MICRO GOLD - COMMODITY EXCHANGE INC.,211116,11/16/2021,088695,CMX ,01,088 ,27699,0,0,0,0,0,1877,700,71,5949,12034,4293,12190,17098,15509,10601,27699,0,0,0,0,0,1877,700,71,5949,12034,4293,12190,17098,15509,10601,0,0,0,0,0,0,0,0,0,0,0,0,0,0,0,0,,,,,,,,,,,,,,,,,100,0,0,0,0,0,6.8,2.5,0.3,21.5,43.4,15.5,44,61.7,56,38.3,100,0,0,0,0,0,6.8,2.5,0.3,21.5,43.4,15.5,44,61.7,56,38.3,100,0,0,0,0,0,0,0,0,0,0,0,0,0,0,0,20,0,0,0,0,0,4,,,7,8,11,17,16,20,0,0,0,0,0,4,,,7,8,11,17,16,0,0,0,0,0,0,0,0,0,0,0,0,0,0,29.4,40.1,37.9,54.5,19.5,35.8,25.7,45.5,29.4,40.1,37.9,54.5,19.5,35.8,25.7,45.5,0,0,0,0,0,0,0,0,(CONTRACTS OF 10 TROY OUNCES),N20,FutOnly
MICRO GOLD - COMMODITY EXCHANGE INC.,210907,9/7/2021,088695,CMX ,01,088 ,34633,0,0,0,0,0,228,1876,140,8263,7880,8921,17552,18817,17081,15816,34633,0,0,0,0,0,228,1876,140,8263,7880,8921,17552,18817,17081,15816,0,0,0,0,0,0,0,0,0,0,0,0,0,0,0,0,,,,,,,,,,,,,,,,,100,0,0,0,0,0,0.7,5.4,0.4,23.9,22.8,25.8,50.7,54.3,49.3,45.7,100,0,0,0,0,0,0.7,5.4,0.4,23.9,22.8,25.8,50.7,54.3,49.3,45.7,100,0,0,0,0,0,0,0,0,0,0,0,0,0,0,0,21,0,0,0,0,0,,,,7,11,10,16,16,21,0,0,0,0,0,,,,7,11,10,16,16,0,0,0,0,0,0,0,0,0,0,0,0,0,0,43.5,37.2,47.5,48.1,21.9,19.2,24.5,25.5,43.5,37.2,47.5,48.1,21.9,19.2,24.5,25.5,0,0,0,0,0,0,0,0,(CONTRACTS OF 10 TROY OUNCES),N20,FutOnly
MICRO GOLD - COMMODITY EXCHANGE INC.,210817,8/17/2021,088695,CMX ,01,088 ,32480,0,0,0,0,0,0,1424,70,14107,7104,4206,18383,12804,14097,19676,32480,0,0,0,0,0,0,1424,70,14107,7104,4206,18383,12804,14097,19676,0,0,0,0,0,0,0,0,0,0,0,0,0,0,0,0,,,,,,,,,,,,,,,,,100,0,0,0,0,0,0,4.4,0.2,43.4,21.9,12.9,56.6,39.4,43.4,60.6,100,0,0,0,0,0,0,4.4,0.2,43.4,21.9,12.9,56.6,39.4,43.4,60.6,100,0,0,0,0,0,0,0,0,0,0,0,0,0,0,0,21,0,0,0,0,0,0,,,9,9,9,14,17,21,0,0,0,0,0,0,,,9,9,9,14,17,0,0,0,0,0,0,0,0,0,0,0,0,0,0,47.8,27.5,53.6,33.9,38.5,17.6,42.8,23.2,47.8,27.5,53.6,33.9,38.5,17.6,42.8,23.2,0,0,0,0,0,0,0,0,(CONTRACTS OF 10 TROY OUNCES),N20,FutOnly
MICRO GOLD - COMMODITY EXCHANGE INC.,210518,5/18/2021,088695,CMX ,01,088 ,33854,0,0,0,0,0,856,0,0,9175,12915,8653,18684,21568,15170,12286,33854,0,0,0,0,0,856,0,0,9175,12915,8653,18684,21568,15170,12286,0,0,0,0,0,0,0,0,0,0,0,0,0,0,0,0,,,,,,,,,,,,,,,,,100,0,0,0,0,0,2.5,0,0,27.1,38.1,25.6,55.2,63.7,44.8,36.3,100,0,0,0,0,0,2.5,0,0,27.1,38.1,25.6,55.2,63.7,44.8,36.3,100,0,0,0,0,0,0,0,0,0,0,0,0,0,0,0,21,0,0,0,0,0,,0,0,10,8,11,19,13,21,0,0,0,0,0,,0,0,10,8,11,19,13,0,0,0,0,0,0,0,0,0,0,0,0,0,0,35.4,51.1,47.2,61,21.9,35.1,26.1,38.1,35.4,51.1,47.2,61,21.9,35.1,26.1,38.1,0,0,0,0,0,0,0,0,(CONTRACTS OF 10 TROY OUNCES),N20,FutOnly
