"Date","Price","Open","High","Low","Vol.","Change %"
"10/12/2025","17.0356","17.0472","17.0615","17.0333","","-0.12%"
"09/12/2025","17.0558","17.0419","17.1272","17.0054","","0.09%"
"08/12/2025","17.0397","16.9364","17.0621","16.9105","","0.66%"
"05/12/2025","16.9288","16.9938","17.0031","16.9002","","-0.41%"
"04/12/2025","16.9977","17.0379","17.0759","16.9387","","-0.23%"
"03/12/2025","17.0371","17.1076","17.1448","17.0238","","-0.41%"
"02/12/2025","17.1071","17.0911","17.1596","17.0692","","0.08%"
"01/12/2025","17.0929","17.1147","17.1658","17.0607","","-0.13%"
"28/11/2025","17.1146","17.1438","17.1987","17.0825","","-0.24%"
"27/11/2025","17.1562","17.1361","17.1885","17.1063","","0.15%"
"26/11/2025","17.1298","17.2184","17.2472","17.0903","","-0.48%"
"25/11/2025","17.2119","17.3150","17.3284","17.1887","","-0.50%"
"24/11/2025","17.2990","17.3750","17.4190","17.2653","","-0.44%"
"21/11/2025","17.3763","17.2342","17.4791","17.2113","","0.83%"
"20/11/2025","17.2341","17.2100","17.2675","17.1324","","0.23%"
"19/11/2025","17.1950","17.1827","17.2706","17.1280","","0.08%"
"18/11/2025","17.1818","17.1863","17.2638","17.1523","","0.06%"
"17/11/2025","17.1709","17.0932","17.2193","17.0422","","0.52%"
"14/11/2025","17.0819","17.0440","17.2088","16.9986","","0.22%"
"13/11/2025","17.0440","17.0881","17.1174","16.9465","","-0.26%"
"12/11/2025","17.0885","17.1612","17.1788","17.0362","","-0.42%"
"11/11/2025","17.1605","17.1725","17.1903","17.1228","","0.01%"
"10/11/2025","17.1581","17.3059","17.3297","17.1309","","-0.82%"
"07/11/2025","17.2993","17.3863","17.4087","17.2826","","-0.42%"
"06/11/2025","17.3725","17.4091","17.4459","17.3092","","-0.21%"
"05/11/2025","17.4092","17.5038","17.5814","17.3889","","-0.70%"
"04/11/2025","17.5320","17.3025","17.5529","17.3008","","1.27%"
"03/11/2025","17.3129","17.3093","17.3569","17.2758","","-0.09%"
"31/10/2025","17.3293","17.2850","17.3941","17.2488","","0.25%"
"30/10/2025","17.2854","17.2150","17.3641","17.1533","","0.46%"
"29/10/2025","17.2062","17.1553","17.2508","17.0820","","0.30%"
"28/10/2025","17.1551","17.2251","17.2960","17.1367","","-0.41%"
"27/10/2025","17.2253","17.2065","17.2654","17.1741","","-0.23%"
"24/10/2025","17.2645","17.3256","17.3779","17.2122","","-0.40%"
"23/10/2025","17.3337","17.4048","17.4610","17.2863","","-0.40%"
"22/10/2025","17.4036","17.4023","17.4924","17.3395","","0.02%"
"21/10/2025","17.4005","17.2246","17.4677","17.1876","","1.00%"
"20/10/2025","17.2288","17.3821","17.3942","17.2170","","-0.80%"
"17/10/2025","17.3681","17.3406","17.4936","17.3062","","0.16%"
"16/10/2025","17.3407","17.3466","17.3732","17.2585","","-0.08%"
"15/10/2025","17.3553","17.3868","17.4095","17.2658","","-0.24%"
"14/10/2025","17.3978","17.3206","17.5067","17.2820","","0.45%"
"13/10/2025","17.3206","17.5006","17.5006","17.2736","","-1.03%"
"10/10/2025","17.5006","17.2229","17.5140","17.1729","","1.65%"
"09/10/2025","17.2172","17.1661","17.2528","17.0617","","0.33%"
"08/10/2025","17.1599","17.2232","17.2775","17.1225","","-0.36%"
"07/10/2025","17.2212","17.1724","17.2501","17.1472","","0.28%"
"06/10/2025","17.1736","17.2525","17.3160","17.1526","","-0.33%"
"03/10/2025","17.2312","17.2972","17.3291","17.2019","","-0.37%"
"02/10/2025","17.2950","17.2345","17.3487","17.1645","","0.36%"
"01/10/2025","17.2337","17.2678","17.2936","17.1244","","-0.19%"
"30/09/2025","17.2668","17.2723","17.3168","17.2161","","-0.03%"
"29/09/2025","17.2722","17.3711","17.3860","17.2501","","-0.38%"
"26/09/2025","17.3384","17.4285","17.4910","17.3249","","-0.52%"
"25/09/2025","17.4286","17.3075","17.4894","17.2872","","0.49%"
"24/09/2025","17.3433","17.2575","17.3669","17.2106","","0.54%"
"23/09/2025","17.2498","17.3312","17.3896","17.2263","","-0.47%"
"22/09/2025","17.3319","17.3484","17.3774","17.2620","","-0.10%"
"19/09/2025","17.3484","17.3497","17.4253","17.3082","","-0.01%"
"18/09/2025","17.3500","17.3800","17.4913","17.3200","","-0.27%"
"17/09/2025","17.3969","17.3415","17.4340","17.2577","","0.32%"
"16/09/2025","17.3417","17.3561","17.4023","17.3152","","-0.09%"
"15/09/2025","17.3572","17.3781","17.4020","17.3102","","-0.19%"
"12/09/2025","17.3903","17.3825","17.4256","17.3425","","0.15%"
"11/09/2025","17.3647","17.4877","17.5677","17.3501","","-0.69%"
"10/09/2025","17.4858","17.5365","17.6030","17.4513","","-0.32%"
"09/09/2025","17.5418","17.4953","17.5628","17.4476","","0.23%"
"08/09/2025","17.5016","17.5698","17.6337","17.4697","","-0.54%"
"05/09/2025","17.5973","17.7843","17.7995","17.5166","","-1.00%"
"04/09/2025","17.7758","17.6630","17.8246","17.6499","","0.61%"
"03/09/2025","17.6682","17.6931","17.7776","17.6027","","-0.14%"
"02/09/2025","17.6925","17.6193","17.7892","17.5853","","0.42%"
"01/09/2025","17.6187","17.6758","17.6818","17.5410","","-0.21%"
"29/08/2025","17.6557","17.7163","17.7869","17.6224","","-0.24%"
"28/08/2025","17.6977","17.6915","17.7275","17.6184","","0.07%"
"27/08/2025","17.6851","17.6245","17.7885","17.6066","","0.34%"
"26/08/2025","17.6246","17.6079","17.6997","17.5710","","0.10%"
"25/08/2025","17.6064","17.4488","17.6398","17.4169","","0.92%"
"22/08/2025","17.4457","17.7206","17.7550","17.4222","","-1.55%"
"21/08/2025","17.7196","17.6656","17.7732","17.6527","","0.29%"
"20/08/2025","17.6686","17.6780","17.7344","17.6416","","-0.05%"
"19/08/2025","17.6780","17.6315","17.7050","17.5757","","0.26%"
"18/08/2025","17.6322","17.6150","17.6760","17.5560","","0.10%"
"15/08/2025","17.6150","17.5922","17.6403","17.5178","","0.13%"
"14/08/2025","17.5930","17.5285","17.6829","17.4773","","0.39%"
"13/08/2025","17.5240","17.5936","17.6188","17.4700","","-0.40%"
"12/08/2025","17.5937","17.7540","17.7767","17.5388","","-0.88%"
"11/08/2025","17.7492","17.7194","17.7991","17.6991","","-0.04%"
"08/08/2025","17.7564","17.7325","17.7647","17.6786","","0.13%"
"07/08/2025","17.7325","17.7626","17.8425","17.6700","","-0.18%"
"06/08/2025","17.7650","17.9613","17.9739","17.7432","","-0.82%"
"05/08/2025","17.9112","17.9264","18.0570","17.8738","","-0.13%"
"04/08/2025","17.9340","18.0516","18.0765","17.9066","","-0.65%"
"01/08/2025","18.0516","18.2144","18.3681","18.0161","","-0.89%"
"31/07/2025","18.2144","17.9960","18.2373","17.9523","","1.22%"
"30/07/2025","17.9951","17.8787","18.0262","17.8342","","0.64%"
"29/07/2025","17.8801","17.8742","18.0029","17.8594","","0.03%"
"28/07/2025","17.8743","17.7501","17.9111","17.7201","","0.64%"
"25/07/2025","17.7613","17.6360","17.8236","17.6055","","0.72%"
"24/07/2025","17.6349","17.5500","17.6664","17.5010","","0.48%"
"23/07/2025","17.5500","17.5510","17.6018","17.4939","","-0.05%"
"22/07/2025","17.5593","17.6227","17.6839","17.5255","","-0.37%"
"21/07/2025","17.6238","17.7037","17.7687","17.5950","","-0.56%"
"18/07/2025","17.7228","17.8347","17.8705","17.6553","","-0.63%"
"17/07/2025","17.8354","17.8145","17.9437","17.7950","","0.12%"
"16/07/2025","17.8139","17.9297","17.9647","17.7684","","-0.68%"
"15/07/2025","17.9366","17.9000","17.9606","17.7498","","0.20%"
"14/07/2025","17.9000","17.9238","17.9698","17.8313","","-0.15%"
"11/07/2025","17.9275","17.7400","17.9776","17.7235","","1.03%"
"10/07/2025","17.7452","17.8300","17.8377","17.7030","","-0.50%"
"09/07/2025","17.8335","17.7986","17.8768","17.7514","","0.22%"
"08/07/2025","17.7951","17.8619","17.8743","17.7179","","-0.36%"
"07/07/2025","17.8597","17.5930","17.8793","17.5882","","1.62%"
"04/07/2025","17.5750","17.5101","17.6452","17.4794","","0.35%"
"03/07/2025","17.5137","17.5726","17.6551","17.4832","","-0.32%"
"02/07/2025","17.5693","17.6037","17.7202","17.5526","","-0.19%"
"01/07/2025","17.6031","17.7375","17.7675","17.5682","","-0.83%"
"30/06/2025","17.7500","17.7932","17.8250","17.6857","","-0.46%"
"27/06/2025","17.8328","17.8537","17.9436","17.7137","","-0.10%"
"26/06/2025","17.8507","17.7625","17.8811","17.5761","","0.55%"
"25/06/2025","17.7537","17.7631","17.8466","17.6819","","-0.08%"
"24/06/2025","17.7679","17.8850","17.8850","17.6606","","-0.57%"
"23/06/2025","17.8695","18.0150","18.1533","17.8535","","-0.81%"
"20/06/2025","18.0150","18.0271","18.1122","17.9501","","-0.07%"
"19/06/2025","18.0284","17.9813","18.1575","17.9813","","0.26%"
"18/06/2025","17.9813","18.0263","18.1484","17.9102","","-0.24%"
"17/06/2025","18.0254","17.8158","18.0430","17.7625","","1.21%"
"16/06/2025","17.8106","17.9313","17.9843","17.7255","","-0.67%"
"13/06/2025","17.9313","17.7932","18.0782","17.7488","","0.70%"
"12/06/2025","17.8063","17.7324","17.9213","17.6776","","0.40%"
"11/06/2025","17.7356","17.7043","17.8041","17.6635","","0.20%"
"10/06/2025","17.7010","17.7201","17.8049","17.6585","","-0.15%"
"09/06/2025","17.7284","17.7794","17.8018","17.6938","","-0.31%"
"06/06/2025","17.7838","17.7451","17.8083","17.7028","","0.16%"
"05/06/2025","17.7550","17.8400","17.8663","17.6854","","-0.48%"
"04/06/2025","17.8400","17.8631","17.8926","17.7629","","-0.12%"
"03/06/2025","17.8623","17.8750","17.9400","17.8116","","-0.18%"
"02/06/2025","17.8938","17.9737","17.9955","17.8402","","-0.57%"
"30/05/2025","17.9972","17.8066","18.0743","17.7728","","1.07%"
"29/05/2025","17.8066","17.9513","18.0187","17.7551","","-0.69%"
"28/05/2025","17.9310","17.9493","18.0220","17.8602","","-0.10%"
"27/05/2025","17.9491","17.8640","17.9632","17.8317","","0.48%"
"26/05/2025","17.8640","17.8455","17.8918","17.7960","","0.00%"
"23/05/2025","17.8634","18.0294","18.0314","17.8066","","-0.87%"
"22/05/2025","18.0202","17.9679","18.0706","17.9158","","0.31%"
"21/05/2025","17.9641","17.9249","17.9797","17.8530","","0.18%"
"20/05/2025","17.9310","18.0921","18.1193","17.9042","","-0.86%"
"19/05/2025","18.0861","18.0472","18.0972","17.9803","","0.28%"
"16/05/2025","18.0362","18.0345","18.1429","17.9894","","0.07%"
"15/05/2025","18.0230","18.2743","18.2933","17.9969","","-1.38%"
"14/05/2025","18.2745","18.3102","18.3778","18.1846","","-0.20%"
"13/05/2025","18.3105","18.2509","18.4766","18.2160","","0.25%"
"12/05/2025","18.2640","18.2209","18.3467","18.0887","","0.39%"
"09/05/2025","18.1938","18.2080","18.3066","18.1523","","-0.05%"
"08/05/2025","18.2022","18.2676","18.3453","18.0836","","-0.38%"
"07/05/2025","18.2711","18.2138","18.3476","18.1681","","0.36%"
"06/05/2025","18.2052","18.2692","18.3190","18.1399","","-0.37%"
"05/05/2025","18.2732","18.3926","18.4361","18.2324","","-0.70%"
"02/05/2025","18.4022","18.5604","18.6577","18.3481","","-0.86%"
"01/05/2025","18.5611","18.6033","18.7157","18.5157","","-0.24%"
"30/04/2025","18.6057","18.5527","18.6597","18.5142","","0.36%"
"29/04/2025","18.5383","18.5263","18.6012","18.4678","","0.10%"
"28/04/2025","18.5204","18.6846","18.7728","18.4765","","-0.89%"
"25/04/2025","18.6871","18.8015","18.9252","18.6428","","-0.61%"
"24/04/2025","18.8025","18.6717","18.8504","18.5569","","0.69%"
"23/04/2025","18.6735","18.6183","18.7089","18.4884","","0.30%"
"22/04/2025","18.6172","18.7441","18.7917","18.5519","","-0.60%"
"21/04/2025","18.7293","18.7769","18.8480","18.6336","","-0.43%"
"18/04/2025","18.8101","18.8145","18.9136","18.7744","","0.15%"
"17/04/2025","18.7821","18.8451","18.9046","18.7634","","-0.11%"
"16/04/2025","18.8032","19.0317","19.0896","18.7805","","-0.98%"
"15/04/2025","18.9896","18.8918","19.1137","18.7399","","0.61%"
"14/04/2025","18.8749","19.1031","19.1362","18.8165","","-1.28%"
"11/04/2025","19.1195","19.4213","19.5273","19.0628","","-1.29%"
"10/04/2025","19.3697","19.2972","19.6172","19.2360","","0.47%"
"09/04/2025","19.2796","19.7742","19.9350","19.2126","","-2.37%"
"08/04/2025","19.7481","19.6621","19.8152","19.3010","","0.62%"
"07/04/2025","19.6271","19.1065","19.7205","19.0797","","2.83%"
"04/04/2025","19.0875","18.7404","19.2266","18.6993","","2.02%"
"03/04/2025","18.7093","18.8888","19.0225","18.6668","","-0.83%"
"02/04/2025","18.8667","18.4782","19.0005","18.4385","","2.20%"
"01/04/2025","18.4613","18.3137","18.5200","18.2663","","0.86%"
"31/03/2025","18.3032","18.4284","18.4388","18.2180","","-0.42%"
"28/03/2025","18.3800","18.2330","18.4612","18.1153","","0.88%"
"27/03/2025","18.2199","18.2604","18.3482","18.1832","","-0.16%"
"26/03/2025","18.2485","18.2753","18.3077","18.1961","","0.02%"
"25/03/2025","18.2448","18.2325","18.3008","18.1408","","0.04%"
"24/03/2025","18.2367","18.1774","18.2794","18.0956","","0.20%"
"21/03/2025","18.2000","18.1487","18.2592","18.1182","","0.26%"
"20/03/2025","18.1529","18.1152","18.2560","18.0782","","0.36%"
"19/03/2025","18.0886","18.1433","18.2889","18.0651","","-0.24%"
"18/03/2025","18.1316","18.0911","18.1828","17.9949","","0.32%"
"17/03/2025","18.0743","18.1809","18.2542","18.0529","","-0.56%"
"14/03/2025","18.1759","18.3270","18.3554","18.1298","","-0.74%"
"13/03/2025","18.3114","18.3452","18.4454","18.2810","","0.02%"
"12/03/2025","18.3074","18.2126","18.4629","18.1754","","0.69%"
"11/03/2025","18.1827","18.3468","18.3914","18.1691","","-0.80%"
"10/03/2025","18.3290","18.2372","18.3845","18.2123","","0.72%"
"07/03/2025","18.1977","18.1345","18.3397","18.0426","","0.53%"
"06/03/2025","18.1025","18.3301","18.3828","18.1022","","-1.09%"
"05/03/2025","18.3013","18.4780","18.5384","18.2696","","-0.83%"
"04/03/2025","18.4545","18.6076","18.6716","18.4374","","-0.65%"
"03/03/2025","18.5747","18.6899","18.7237","18.5419","","-0.44%"
"28/02/2025","18.6569","18.4599","18.7341","18.4153","","1.27%"
"27/02/2025","18.4222","18.4030","18.5097","18.3570","","0.18%"
"26/02/2025","18.3883","18.4120","18.4591","18.3321","","0.00%"
"25/02/2025","18.3878","18.3710","18.4695","18.3259","","0.14%"
"24/02/2025","18.3623","18.3725","18.4430","18.2899","","0.19%"
"21/02/2025","18.3269","18.3550","18.4267","18.2970","","-0.07%"
"20/02/2025","18.3401","18.5288","18.5741","18.3049","","-0.93%"
"19/02/2025","18.5121","18.4049","18.6010","18.3263","","0.64%"
"18/02/2025","18.3951","18.4094","18.4900","18.3599","","-0.12%"
"17/02/2025","18.4166","18.3599","18.4675","18.3131","","0.44%"
"14/02/2025","18.3360","18.4900","18.5704","18.2953","","-0.79%"
"13/02/2025","18.4824","18.5300","18.6456","18.4396","","-0.23%"
"12/02/2025","18.5254","18.4915","18.5733","18.4099","","0.27%"
"11/02/2025","18.4746","18.4433","18.5293","18.4097","","0.24%"
"10/02/2025","18.4300","18.4738","18.6588","18.3546","","0.08%"
"07/02/2025","18.4146","18.4393","18.5143","18.3163","","-0.07%"
"06/02/2025","18.4277","18.5578","18.6887","18.4135","","-0.63%"
"05/02/2025","18.5446","18.6727","18.7209","18.5061","","-0.68%"
"04/02/2025","18.6725","18.7164","18.8414","18.6302","","-0.21%"
"03/02/2025","18.7114","18.7015","19.0538","18.6758","","0.32%"
"31/01/2025","18.6513","18.5849","18.7367","18.5082","","0.44%"
"30/01/2025","18.5688","18.5354","18.6093","18.4245","","0.30%"
"29/01/2025","18.5131","18.6935","18.7343","18.5047","","-0.82%"
"28/01/2025","18.6656","18.7468","18.8749","18.6424","","-0.27%"
"27/01/2025","18.7170","18.3986","18.7824","18.3973","","1.81%"
"24/01/2025","18.3836","18.5122","18.5330","18.2953","","-0.62%"
"23/01/2025","18.4992","18.4891","18.6119","18.4459","","0.15%"
"22/01/2025","18.4709","18.5043","18.5839","18.4408","","-0.11%"
"21/01/2025","18.4907","18.5318","18.6996","18.4712","","-0.17%"
"20/01/2025","18.5221","18.7516","18.7865","18.4939","","-1.12%"
"17/01/2025","18.7328","18.8325","18.8419","18.6797","","-0.38%"
"16/01/2025","18.8039","18.7656","18.9020","18.7288","","0.23%"
"15/01/2025","18.7599","18.9102","18.9580","18.7366","","-0.76%"
"14/01/2025","18.9033","19.0456","19.0714","18.8912","","-0.74%"
"13/01/2025","19.0445","19.1089","19.2393","19.0138","","-0.26%"
"10/01/2025","19.0945","18.9350","19.2169","18.8964","","0.93%"
"09/01/2025","18.9194","18.9004","18.9969","18.8280","","0.16%"
"08/01/2025","18.8896","18.6888","18.9758","18.6713","","1.15%"
"07/01/2025","18.6744","18.5812","18.7267","18.5026","","0.60%"
"06/01/2025","18.5622","18.7599","18.7935","18.4249","","-0.93%"
"03/01/2025","18.7372","18.7383","18.8242","18.6784","","0.16%"
"02/01/2025","18.7070","18.7749","18.8775","18.6599","","-0.28%"
"01/01/2025","18.7597","18.8703","18.8815","18.7695","","-0.48%"
"31/12/2024","18.8506","18.8150","18.9214","18.6994","","0.39%"
"30/12/2024","18.7765","18.7038","18.8474","18.6217","","0.52%"
"27/12/2024","18.6788","18.8417","18.8804","18.6188","","-0.71%"
"26/12/2024","18.8125","18.6859","18.9170","18.5739","","0.81%"
"25/12/2024","18.6610","18.6770","18.7750","18.6497","","0.04%"
"24/12/2024","18.6543","18.5587","18.7171","18.5041","","0.57%"
"23/12/2024","18.5487","18.3095","18.6160","18.2598","","1.37%"
"20/12/2024","18.2975","18.3820","18.4445","18.2507","","-0.47%"
"19/12/2024","18.3846","18.3402","18.4454","18.2155","","0.34%"
"18/12/2024","18.3232","18.0960","18.3732","18.0178","","1.36%"
"17/12/2024","18.0766","17.8582","18.1767","17.8258","","1.33%"
"16/12/2024","17.8389","17.8775","17.9296","17.8199","","-0.10%"
"13/12/2024","17.8575","17.7936","17.9515","17.7610","","0.39%"
"12/12/2024","17.7889","17.7045","17.8197","17.6133","","0.53%"
"11/12/2024","17.6944","17.8169","17.9132","17.6761","","-0.61%"
"10/12/2024","17.8034","17.7802","17.9104","17.7526","","0.17%"
"09/12/2024","17.7733","18.0213","18.0630","17.7152","","-1.44%"
"06/12/2024","18.0330","18.0131","18.0745","17.9468","","0.19%"
"05/12/2024","17.9997","18.1688","18.1914","17.9971","","-0.80%"
"04/12/2024","18.1443","18.1152","18.1938","18.0809","","0.32%"
"03/12/2024","18.0869","18.1379","18.2034","18.0585","","-0.18%"
"02/12/2024","18.1197","18.0600","18.2490","18.0250","","0.38%"
"29/11/2024","18.0503","18.0944","18.1371","18.0000","","-0.15%"
"28/11/2024","18.0773","18.1870","18.2754","18.0821","","-0.52%"
"27/11/2024","18.1722","18.1990","18.2436","18.0699","","0.02%"
"26/11/2024","18.1688","18.0738","18.2342","18.0271","","0.76%"
"25/11/2024","18.0314","18.1200","18.1288","17.9576","","-0.39%"
"22/11/2024","18.1020","18.1079","18.1531","18.0109","","0.04%"
"21/11/2024","18.0956","18.1187","18.1881","17.9584","","-0.13%"
"20/11/2024","18.1186","18.0512","18.1903","18.0204","","0.44%"
"19/11/2024","18.0386","17.9712","18.1815","17.9009","","0.61%"
"18/11/2024","17.9294","18.1901","18.2334","17.9203","","-1.43%"
"15/11/2024","18.1900","18.2798","18.3167","18.0987","","-0.33%"
"14/11/2024","18.2495","18.2264","18.4040","18.1593","","0.13%"
"13/11/2024","18.2265","18.1157","18.2831","17.9282","","0.74%"
"12/11/2024","18.0927","17.9307","18.1922","17.9093","","1.01%"
"11/11/2024","17.9116","17.6094","17.9988","17.5525","","1.84%"
"08/11/2024","17.5888","17.3070","17.6653","17.2776","","1.69%"
"07/11/2024","17.2966","17.6500","17.7010","17.2670","","-1.73%"
"06/11/2024","17.6015","17.4000","17.8298","17.3759","","1.33%"
"05/11/2024","17.3697","17.5341","17.5502","17.3584","","-0.77%"
"04/11/2024","17.5038","17.6579","17.6658","17.4833","","-0.73%"
"01/11/2024","17.6325","17.6200","17.6898","17.5198","","0.42%"
"31/10/2024","17.5589","17.6520","17.7696","17.5753","","-0.50%"
"30/10/2024","17.6463","17.6639","17.7684","17.5335","","0.00%"
"29/10/2024","17.6466","17.6950","17.7555","17.6085","","-0.17%"
"28/10/2024","17.6773","17.6599","17.8053","17.6019","","0.18%"
"25/10/2024","17.6464","17.6660","17.7222","17.5805","","-0.03%"
"24/10/2024","17.6525","17.7794","17.8269","17.6390","","-0.58%"
"23/10/2024","17.7550","17.5625","17.8749","17.4858","","1.27%"
"22/10/2024","17.5324","17.6151","17.6395","17.4909","","-0.39%"
"21/10/2024","17.6011","17.5950","17.6677","17.5579","","0.03%"
"18/10/2024","17.5952","17.7275","17.7290","17.5367","","-0.41%"
"17/10/2024","17.6680","17.6185","17.8024","17.5930","","0.34%"
"16/10/2024","17.6079","17.6481","17.6741","17.5408","","-0.10%"
"15/10/2024","17.6248","17.5736","17.6788","17.5287","","0.41%"
"14/10/2024","17.5524","17.4150","17.6098","17.3925","","0.83%"
"11/10/2024","17.4076","17.5229","17.5724","17.3610","","-0.55%"
"10/10/2024","17.5040","17.6453","17.6892","17.4921","","-0.79%"
"09/10/2024","17.6439","17.5645","17.6889","17.5215","","0.58%"
"08/10/2024","17.5430","17.4042","17.6168","17.3342","","1.03%"
"07/10/2024","17.3639","17.4914","17.5084","17.3454","","-0.64%"
"04/10/2024","17.4765","17.5111","17.6110","17.4163","","-0.11%"
"03/10/2024","17.4963","17.3573","17.5623","17.2801","","0.95%"
"02/10/2024","17.3314","17.3993","17.4712","17.3011","","-0.37%"
"01/10/2024","17.3966","17.2847","17.4930","17.2149","","0.81%"
"30/09/2024","17.2574","17.1021","17.3078","17.0296","","0.89%"
"27/09/2024","17.1046","17.1800","17.2605","17.0640","","-0.29%"
"26/09/2024","17.1542","17.2765","17.3244","17.1341","","-0.58%"
"25/09/2024","17.2550","17.2620","17.3626","17.1299","","0.00%"
"24/09/2024","17.2545","17.3572","17.3801","17.2323","","-0.46%"
"23/09/2024","17.3350","17.4102","17.4767","17.2836","","-0.44%"
"20/09/2024","17.4112","17.4930","17.5965","17.4025","","-0.49%"
"19/09/2024","17.4962","17.5525","17.6299","17.3907","","-0.20%"
"18/09/2024","17.5315","17.6335","17.6488","17.4198","","-0.31%"
"17/09/2024","17.5866","17.6200","17.6887","17.5763","","-0.13%"
"16/09/2024","17.6102","17.7588","17.7631","17.6026","","-0.76%"
"13/09/2024","17.7451","17.7681","17.8279","17.6884","","-0.12%"
"12/09/2024","17.7673","17.8962","18.0215","17.7523","","-0.63%"
"11/09/2024","17.8803","17.9463","17.9914","17.8335","","-0.31%"
"10/09/2024","17.9356","17.8837","17.9723","17.8055","","0.44%"
"09/09/2024","17.8576","17.8593","17.9617","17.8032","","0.02%"
"06/09/2024","17.8532","17.7100","17.8988","17.6094","","0.84%"
"05/09/2024","17.7050","17.8645","17.8946","17.6861","","-0.83%"
"04/09/2024","17.8539","17.9809","18.0250","17.8006","","-0.66%"
"03/09/2024","17.9731","17.8325","18.0103","17.8083","","0.83%"
"02/09/2024","17.8252","17.8461","17.9389","17.7971","","0.02%"
"30/08/2024","17.8217","17.7378","17.8546","17.5952","","0.44%"
"29/08/2024","17.7433","17.8225","17.8423","17.6718","","-0.37%"
"28/08/2024","17.8090","17.7463","17.8551","17.7040","","0.48%"
"27/08/2024","17.7243","17.7441","17.8069","17.6849","","0.04%"
"26/08/2024","17.7169","17.7453","17.8347","17.6795","","0.02%"
"23/08/2024","17.7125","17.9969","18.0278","17.6875","","-1.60%"
"22/08/2024","18.0003","17.8479","18.0593","17.8344","","0.96%"
"21/08/2024","17.8293","17.8175","17.9529","17.7760","","0.20%"
"20/08/2024","17.7936","17.7024","17.8887","17.6984","","0.53%"
"19/08/2024","17.6994","17.8666","17.8882","17.6710","","-0.86%"
"16/08/2024","17.8525","18.0051","18.0189","17.8496","","-0.78%"
"15/08/2024","17.9933","18.0614","18.1026","17.9706","","-0.39%"
"14/08/2024","18.0633","18.1405","18.1573","18.0175","","-0.19%"
"13/08/2024","18.0968","18.2575","18.2719","18.0916","","-0.81%"
"12/08/2024","18.2445","18.3057","18.3248","18.1758","","-0.36%"
"09/08/2024","18.3101","18.3608","18.3937","18.2757","","-0.26%"
"08/08/2024","18.3570","18.4050","18.4481","18.3225","","-0.16%"
"07/08/2024","18.3872","18.4719","18.5094","18.2720","","-0.58%"
"06/08/2024","18.4942","18.5125","18.5911","18.4018","","-0.14%"
"05/08/2024","18.5207","18.2797","18.6903","18.2688","","1.35%"
"02/08/2024","18.2747","18.2650","18.3345","18.1196","","0.03%"
"01/08/2024","18.2688","18.2001","18.3068","18.1042","","0.39%"
"31/07/2024","18.1976","18.3333","18.3497","18.1686","","-0.71%"
"30/07/2024","18.3283","18.4556","18.4788","18.2817","","-0.63%"
"29/07/2024","18.4437","18.3153","18.5268","18.2386","","0.74%"
"26/07/2024","18.3078","18.4222","18.4222","18.2221","","-0.20%"
"25/07/2024","18.3453","18.3280","18.5334","18.3144","","-0.06%"
"24/07/2024","18.3564","18.3903","18.4388","18.2670","","-0.12%"
"23/07/2024","18.3790","18.2691","18.4802","18.2340","","0.70%"
"22/07/2024","18.2520","18.2942","18.3304","18.1945","","-0.10%"
"19/07/2024","18.2698","18.2310","18.3748","18.2178","","0.09%"
"18/07/2024","18.2530","18.2297","18.2830","18.1295","","0.27%"
"17/07/2024","18.2047","18.1050","18.2757","18.0336","","0.70%"
"16/07/2024","18.0789","18.2145","18.2834","18.0320","","-0.60%"
"15/07/2024","18.1877","17.9526","18.2813","17.9526","","1.13%"
"12/07/2024","17.9850","18.0039","18.0306","17.9226","","-0.14%"
"11/07/2024","18.0111","18.1263","18.1398","17.9366","","-0.58%"
"10/07/2024","18.1154","18.1562","18.1697","18.0411","","-0.02%"
"09/07/2024","18.1188","18.1319","18.2285","18.0619","","0.07%"
"08/07/2024","18.1066","18.1749","18.2395","18.0676","","-0.66%"
"05/07/2024","18.2269","18.2613","18.3186","18.1458","","-0.32%"
"04/07/2024","18.2859","18.4242","18.4646","18.2325","","-0.73%"
"03/07/2024","18.4211","18.5851","18.6389","18.2987","","-0.91%"
"02/07/2024","18.5903","18.3111","18.6675","18.3111","","1.23%"
"01/07/2024","18.3650","18.1245","18.4149","17.9395","","0.99%"
"28/06/2024","18.1850","18.4743","18.5321","18.1318","","-1.51%"
"27/06/2024","18.4640","18.2293","18.5147","18.1301","","1.58%"
"26/06/2024","18.1771","18.2507","18.3535","18.1080","","-0.27%"
"25/06/2024","18.2266","18.1099","18.2775","18.0588","","0.61%"
"24/06/2024","18.1153","17.9915","18.2438","17.9825","","0.84%"
"21/06/2024","17.9642","17.9800","18.0163","17.8671","","-0.04%"
"20/06/2024","17.9719","17.9721","18.1803","17.9263","","0.06%"
"19/06/2024","17.9605","18.0466","18.0553","17.9171","","-0.40%"
"18/06/2024","18.0334","18.2509","18.2933","18.0310","","-1.17%"
"17/06/2024","18.2476","18.3775","18.4067","18.2032","","-0.50%"
"14/06/2024","18.3389","18.4289","18.5067","18.3015","","-0.44%"
"13/06/2024","18.4195","18.3756","18.5409","18.3160","","0.25%"
"12/06/2024","18.3740","18.5910","18.6636","18.2827","","-1.21%"
"11/06/2024","18.5982","18.7219","18.7812","18.5340","","-0.67%"
"10/06/2024","18.7236","18.8680","18.9316","18.6894","","-0.73%"
"07/06/2024","18.8605","18.9252","19.0110","18.7593","","-0.53%"
"06/06/2024","18.9607","18.9306","19.0156","18.8720","","0.18%"
"05/06/2024","18.9258","18.7094","18.9890","18.6545","","1.23%"
"04/06/2024","18.6963","18.5075","18.7810","18.4807","","1.10%"
"03/06/2024","18.4931","18.8154","18.8895","18.4879","","-1.67%"
"31/05/2024","18.8079","18.7450","18.9063","18.6315","","0.36%"
"30/05/2024","18.7401","18.4202","18.7875","18.3678","","1.93%"
"29/05/2024","18.3860","18.2982","18.4683","18.2177","","0.61%"
"28/05/2024","18.2749","18.3690","18.4349","18.2645","","-0.44%"
"27/05/2024","18.3551","18.4319","18.4709","18.3223","","-0.45%"
"24/05/2024","18.4386","18.4662","18.5061","18.3618","","-0.17%"
"23/05/2024","18.4704","18.2614","18.4974","18.2250","","1.17%"
"22/05/2024","18.2569","18.0849","18.3075","18.0315","","0.97%"
"21/05/2024","18.0821","18.2233","18.2391","18.0263","","-0.64%"
"20/05/2024","18.1991","18.1557","18.2967","18.1054","","0.28%"
"17/05/2024","18.1482","18.2033","18.2992","18.1318","","-0.26%"
"16/05/2024","18.1958","18.2796","18.3133","18.1754","","-0.35%"
"15/05/2024","18.2588","18.3784","18.4172","18.2545","","-0.50%"
"14/05/2024","18.3513","18.3429","18.4823","18.3398","","-0.06%"
"13/05/2024","18.3624","18.4525","18.4721","18.2971","","-0.45%"
"10/05/2024","18.4450","18.4675","18.5140","18.3815","","-0.14%"
"09/05/2024","18.4700","18.6150","18.6514","18.4368","","-0.47%"
"08/05/2024","18.5576","18.5035","18.6798","18.4700","","0.25%"
"07/05/2024","18.5121","18.4320","18.5643","18.4279","","0.27%"
"06/05/2024","18.4625","18.4872","18.5564","18.3725","","-0.18%"
"03/05/2024","18.4967","18.5753","18.6049","18.3923","","-0.42%"
"02/05/2024","18.5751","18.6014","18.7014","18.4895","","-0.06%"
"01/05/2024","18.5861","18.7834","18.8129","18.5441","","-0.90%"
"30/04/2024","18.7556","18.6450","18.8489","18.6313","","0.76%"
"29/04/2024","18.6142","18.8467","18.8467","18.6133","","-1.19%"
"26/04/2024","18.8392","19.0304","19.0979","18.7198","","-1.03%"
"25/04/2024","19.0354","19.2106","19.2458","18.9242","","-0.93%"
"24/04/2024","19.2141","19.1064","19.2670","19.0735","","0.53%"
"23/04/2024","19.1129","19.1961","19.2731","19.0905","","-0.39%"
"22/04/2024","19.1883","19.1111","19.2033","19.0495","","0.44%"
"19/04/2024","19.1036","19.1506","19.3908","19.0623","","-0.21%"
"18/04/2024","19.1436","19.0253","19.2086","18.9222","","0.63%"
"17/04/2024","19.0229","19.0523","19.1117","18.9147","","-0.09%"
"16/04/2024","19.0395","18.9696","19.1154","18.9485","","0.28%"
"15/04/2024","18.9861","18.8630","19.0568","18.7941","","0.68%"
"12/04/2024","18.8578","18.7341","18.9820","18.6486","","0.68%"
"11/04/2024","18.7310","18.7332","18.8508","18.6797","","0.04%"
"10/04/2024","18.7228","18.4564","18.8106","18.4333","","1.41%"
"09/04/2024","18.4616","18.6425","18.6526","18.4093","","-0.92%"
"08/04/2024","18.6321","18.6752","18.7495","18.5368","","-0.19%"
"05/04/2024","18.6677","18.7132","18.7750","18.5782","","-0.21%"
"04/04/2024","18.7076","18.6714","18.7533","18.5692","","0.23%"
"03/04/2024","18.6638","18.7733","18.8622","18.6425","","-0.56%"
"02/04/2024","18.7694","18.9007","19.0102","18.7439","","-0.86%"
"01/04/2024","18.9324","18.9342","19.0287","18.7897","","0.06%"
"29/03/2024","18.9214","18.9329","18.9594","18.8410","","-0.08%"
"28/03/2024","18.9368","18.9072","19.1091","18.8876","","0.21%"
"27/03/2024","18.8967","18.9804","19.0089","18.8708","","-0.25%"
"26/03/2024","18.9450","18.9104","19.0032","18.8494","","0.33%"
"25/03/2024","18.8823","19.0063","19.0373","18.8571","","-0.55%"
"22/03/2024","18.9868","18.8263","19.0695","18.8019","","0.94%"
"21/03/2024","18.8107","18.7380","18.8780","18.6448","","0.61%"
"20/03/2024","18.6961","18.9189","18.9737","18.6678","","-1.07%"
"19/03/2024","18.8975","18.9459","19.0345","18.8911","","-0.25%"
"18/03/2024","18.9452","18.7528","19.0042","18.7465","","1.12%"
"15/03/2024","18.7360","18.7348","18.7896","18.6409","","0.04%"
"14/03/2024","18.7292","18.5751","18.7971","18.5542","","0.84%"
"13/03/2024","18.5740","18.7264","18.7595","18.5028","","-0.46%"
"12/03/2024","18.6600","18.6896","18.7726","18.5440","","-0.06%"
"11/03/2024","18.6704","18.7626","18.8568","18.6283","","-0.23%"
"08/03/2024","18.7138","18.6810","18.7731","18.5765","","0.22%"
"07/03/2024","18.6729","18.8246","18.8750","18.6688","","-0.80%"
"06/03/2024","18.8243","18.9762","19.0028","18.7838","","-0.74%"
"05/03/2024","18.9648","19.0421","19.1017","18.8899","","-0.32%"
"04/03/2024","19.0254","19.1225","19.1288","19.0014","","-0.46%"
"01/03/2024","19.1125","19.2126","19.2490","19.0781","","-0.49%"
"29/02/2024","19.2061","19.2232","19.3314","19.1544","","-0.28%"
"28/02/2024","19.2601","19.0975","19.3265","19.0746","","0.84%"
"27/02/2024","19.1003","19.2946","19.3272","19.0545","","-1.02%"
"26/02/2024","19.2968","19.3229","19.3613","19.2500","","-0.05%"
"23/02/2024","19.3058","19.1536","19.3953","19.1043","","0.83%"
"22/02/2024","19.1475","18.9289","19.1895","18.8216","","1.19%"
"21/02/2024","18.9227","18.9257","18.9723","18.7582","","0.12%"
"20/02/2024","18.8996","18.9812","19.0825","18.8810","","-0.35%"
"19/02/2024","18.9652","18.8346","19.0093","18.8346","","0.48%"
"16/02/2024","18.8748","18.9657","18.9922","18.8337","","-0.35%"
"15/02/2024","18.9405","19.0413","19.0882","18.8899","","-0.48%"
"14/02/2024","19.0312","19.1066","19.1993","19.0254","","-0.37%"
"13/02/2024","19.1028","18.9069","19.1817","18.7941","","1.00%"
"12/02/2024","18.9140","19.0200","19.0780","18.9024","","-0.56%"
"09/02/2024","19.0199","18.9599","19.0711","18.9128","","0.34%"
"08/02/2024","18.9555","18.8854","19.0055","18.8645","","0.37%"
"07/02/2024","18.8861","18.8347","18.9449","18.8015","","0.29%"
"06/02/2024","18.8324","19.0678","19.0987","18.8193","","-1.21%"
"05/02/2024","19.0627","18.8957","19.1094","18.8607","","0.86%"
"02/02/2024","18.8997","18.5946","18.9352","18.5507","","1.67%"
"01/02/2024","18.5892","18.6749","18.7796","18.5596","","-0.45%"
"31/01/2024","18.6739","18.8084","18.8510","18.5674","","-0.69%"
"30/01/2024","18.8032","18.8043","18.9216","18.7647","","0.05%"
"29/01/2024","18.7940","18.7614","18.8617","18.7417","","0.09%"
"26/01/2024","18.7775","18.8657","18.9599","18.7197","","-0.42%"
"25/01/2024","18.8574","18.8921","18.9501","18.8046","","-0.11%"
"24/01/2024","18.8783","19.0371","19.0671","18.7925","","-0.83%"
"23/01/2024","19.0366","19.1877","19.2364","18.9821","","-0.83%"
"22/01/2024","19.1966","19.0161","19.2218","19.0040","","0.99%"
"19/01/2024","19.0089","18.9396","19.0856","18.8990","","0.43%"
"18/01/2024","18.9278","19.0597","19.1252","18.8731","","-0.65%"
"17/01/2024","19.0518","18.9713","19.1907","18.9522","","0.46%"
"16/01/2024","18.9649","18.6980","19.0082","18.6325","","1.45%"
"15/01/2024","18.6947","18.6158","18.7194","18.6152","","0.48%"
"12/01/2024","18.6056","18.6432","18.7052","18.5345","","-0.17%"
"11/01/2024","18.6367","18.6887","18.7428","18.5637","","-0.22%"
"10/01/2024","18.6774","18.6338","18.7598","18.5916","","-0.10%"
"09/01/2024","18.6962","18.6060","18.7285","18.5627","","0.53%"
"08/01/2024","18.5979","18.6725","18.8144","18.5560","","-0.41%"
"05/01/2024","18.6752","18.7190","18.9655","18.5867","","-0.11%"
"04/01/2024","18.6952","18.7199","18.7768","18.6016","","-0.04%"
"03/01/2024","18.7021","18.5773","18.8459","18.4879","","0.80%"
"02/01/2024","18.5529","18.3520","18.6007","18.2600","","1.48%"
"01/01/2024","18.2822","18.2822","18.2822","18.2822","","0.00%"
"29/12/2023","18.2822","18.5432","18.6090","18.2486","","-1.35%"
"28/12/2023","18.5320","18.3871","18.6162","18.3029","","0.83%"
"27/12/2023","18.3791","18.6331","18.6870","18.3284","","-1.31%"
"26/12/2023","18.6234","18.4529","18.7507","18.4258","","1.14%"
"25/12/2023","18.4133","18.4467","18.4998","18.4208","","-0.16%"
"22/12/2023","18.4421","18.3639","18.5532","18.3444","","0.51%"
"21/12/2023","18.3481","18.3221","18.4282","18.2062","","0.17%"
"20/12/2023","18.3171","18.3174","18.4020","18.2239","","0.05%"
"19/12/2023","18.3084","18.5915","18.6406","18.3030","","-1.45%"
"18/12/2023","18.5770","18.3517","18.6665","18.2535","","1.27%"
"15/12/2023","18.3442","18.3184","18.4361","18.1056","","0.08%"
"14/12/2023","18.3304","18.6798","18.7183","18.2696","","-1.85%"
"13/12/2023","18.6765","18.9650","19.1042","18.6273","","-1.44%"
"12/12/2023","18.9501","19.1239","19.1239","18.8379","","-0.67%"
"11/12/2023","19.0784","18.9640","19.1439","18.9489","","0.67%"
"08/12/2023","18.9511","18.7606","19.0093","18.7352","","1.04%"
"07/12/2023","18.7569","18.9634","19.0002","18.7243","","-1.08%"
"06/12/2023","18.9610","18.9683","19.0084","18.8203","","0.11%"
"05/12/2023","18.9411","18.8096","19.0266","18.7514","","0.75%"
"04/12/2023","18.7997","18.6902","18.8766","18.5720","","0.94%"
"01/12/2023","18.6254","18.8550","18.9021","18.5938","","-1.20%"
"30/11/2023","18.8524","18.7579","18.9767","18.6670","","0.54%"
"29/11/2023","18.7511","18.6018","18.7644","18.4579","","0.83%"
"28/11/2023","18.5959","18.6628","18.7610","18.5715","","-0.31%"
"27/11/2023","18.6539","18.8363","18.8521","18.6182","","-0.88%"
"24/11/2023","18.8204","18.8099","18.9629","18.7533","","0.11%"
"23/11/2023","18.7998","18.8861","18.8979","18.6999","","-0.39%"
"22/11/2023","18.8737","18.6460","18.9056","18.5609","","1.35%"
"21/11/2023","18.6232","18.3403","18.6651","18.2651","","1.58%"
"20/11/2023","18.3335","18.3764","18.4603","18.2372","","-0.19%"
"17/11/2023","18.3689","18.3679","18.4380","18.2563","","0.08%"
"16/11/2023","18.3538","18.1782","18.4312","18.1467","","0.99%"
"15/11/2023","18.1746","18.2248","18.2778","18.1080","","-0.29%"
"14/11/2023","18.2281","18.7212","18.7856","18.2076","","-2.57%"
"13/11/2023","18.7097","18.7550","18.8062","18.6475","","-0.04%"
"10/11/2023","18.7163","18.6581","18.8151","18.6124","","0.37%"
"09/11/2023","18.6464","18.4729","18.6917","18.4366","","0.97%"
"08/11/2023","18.4674","18.3412","18.5490","18.3118","","0.86%"
"07/11/2023","18.3105","18.2959","18.4396","18.2267","","0.11%"
"06/11/2023","18.2908","18.2738","18.3687","18.1532","","0.22%"
"03/11/2023","18.2509","18.4188","18.4841","18.1985","","-0.91%"
"02/11/2023","18.4181","18.5295","18.5658","18.3105","","-0.51%"
"01/11/2023","18.5130","18.6448","18.7546","18.4907","","-0.69%"
"31/10/2023","18.6424","18.8575","18.9541","18.6176","","-1.15%"
"30/10/2023","18.8584","18.8669","18.8796","18.7402","","0.06%"
"27/10/2023","18.8479","18.9641","18.9914","18.7386","","-0.57%"
"26/10/2023","18.9558","19.1013","19.2783","18.9180","","-0.82%"
"25/10/2023","19.1127","19.0357","19.2041","18.9755","","0.39%"
"24/10/2023","19.0382","18.9145","19.1391","18.8511","","0.43%"
"23/10/2023","18.9562","19.0142","19.1504","18.9003","","-0.14%"
"20/10/2023","18.9832","19.0216","19.1520","18.9225","","-0.16%"
"19/10/2023","19.0144","18.9870","19.1618","18.9135","","0.17%"
"18/10/2023","18.9825","18.8048","19.0848","18.6917","","0.88%"
"17/10/2023","18.8165","18.7924","18.9205","18.7064","","0.24%"
"16/10/2023","18.7712","18.9758","19.0060","18.7551","","-1.10%"
"13/10/2023","18.9804","19.0088","19.0462","18.8490","","-0.19%"
"12/10/2023","19.0162","18.8285","19.0563","18.7759","","1.05%"
"11/10/2023","18.8194","19.0293","19.0728","18.7836","","-1.03%"
"10/10/2023","19.0157","19.3478","19.3675","18.9930","","-1.65%"
"09/10/2023","19.3356","19.3696","19.4466","19.2857","","0.21%"
"06/10/2023","19.2956","19.5259","19.6441","19.2556","","-1.11%"
"05/10/2023","19.5129","19.3351","19.6439","19.2679","","0.97%"
"04/10/2023","19.3249","19.3315","19.4401","19.1671","","-0.03%"
"03/10/2023","19.3314","19.1901","19.3863","19.1760","","0.62%"
"02/10/2023","19.2128","18.8833","19.2324","18.8584","","1.57%"
"29/09/2023","18.9152","18.9817","19.0525","18.7572","","-0.35%"
"28/09/2023","18.9823","19.2052","19.2663","18.9664","","-1.12%"
"27/09/2023","19.1969","19.0675","19.2673","19.0161","","0.68%"
"26/09/2023","19.0673","18.7767","19.0965","18.7687","","1.63%"
"25/09/2023","18.7621","18.7644","18.8612","18.6985","","0.03%"
"22/09/2023","18.7574","18.9536","18.9823","18.6984","","-0.97%"
"21/09/2023","18.9412","18.8163","19.0448","18.7994","","0.50%"
"20/09/2023","18.8461","18.9412","18.9913","18.6795","","-0.45%"
"19/09/2023","18.9306","19.0328","19.0584","18.9067","","-0.38%"
"18/09/2023","19.0025","19.0201","19.0923","18.9314","","-0.01%"
"15/09/2023","19.0038","19.0227","19.1168","18.9517","","-0.07%"
"14/09/2023","19.0176","18.8108","19.0612","18.7598","","1.15%"
"13/09/2023","18.8008","18.9340","18.9824","18.7596","","-0.58%"
"12/09/2023","18.9110","18.9385","19.0441","18.8503","","0.21%"
"11/09/2023","18.8711","19.1215","19.1291","18.8254","","-1.31%"
"08/09/2023","19.1225","19.1768","19.1872","19.0222","","-0.27%"
"07/09/2023","19.1748","19.2217","19.2759","19.1095","","-0.10%"
"06/09/2023","19.1943","19.2551","19.3424","19.0972","","-0.05%"
"05/09/2023","19.2032","19.0693","19.2861","19.0445","","0.74%"
"04/09/2023","19.0618","18.8292","19.1438","18.7404","","1.20%"
"01/09/2023","18.8361","18.8800","18.9059","18.6155","","-0.18%"
"31/08/2023","18.8706","18.6518","18.9461","18.6428","","1.03%"
"30/08/2023","18.6791","18.5077","18.7076","18.4673","","1.14%"
"29/08/2023","18.4692","18.6105","18.6309","18.4261","","-0.71%"
"28/08/2023","18.6015","18.5897","18.7493","18.5485","","-0.09%"
"25/08/2023","18.6183","18.7950","18.8965","18.5282","","-1.00%"
"24/08/2023","18.8071","18.4726","18.8461","18.3948","","1.89%"
"23/08/2023","18.4575","18.7894","18.8346","18.4173","","-1.75%"
"22/08/2023","18.7856","18.9660","18.9998","18.7143","","-0.92%"
"21/08/2023","18.9599","18.9965","19.0792","18.9370","","-0.05%"
"18/08/2023","18.9685","19.0804","19.1590","18.9319","","-0.49%"
"17/08/2023","19.0612","19.1491","19.2558","18.9472","","-0.54%"
"16/08/2023","19.1640","19.1458","19.2211","18.9886","","0.19%"
"15/08/2023","19.1276","19.0800","19.3038","19.0282","","0.27%"
"14/08/2023","19.0752","18.9300","19.1669","18.9130","","0.74%"
"11/08/2023","18.9354","18.8264","18.9792","18.7919","","0.50%"
"10/08/2023","18.8406","18.9815","19.0614","18.6577","","-0.68%"
"09/08/2023","18.9701","18.9244","19.0907","18.8299","","0.27%"
"08/08/2023","18.9190","18.7107","19.0054","18.6924","","1.13%"
"07/08/2023","18.7072","18.4304","18.7542","18.4268","","1.37%"
"04/08/2023","18.4537","18.7132","18.7547","18.3744","","-1.24%"
"03/08/2023","18.6847","18.4598","18.7874","18.4045","","1.23%"
"02/08/2023","18.4577","18.2999","18.5931","18.2510","","0.91%"
"01/08/2023","18.2918","17.8021","18.3493","17.8021","","2.47%"
"31/07/2023","17.8504","17.6483","17.8946","17.5686","","1.44%"
"28/07/2023","17.5978","17.7815","17.9860","17.5556","","-1.30%"
"27/07/2023","17.8298","17.6138","17.8940","17.4131","","1.29%"
"26/07/2023","17.6032","17.5513","17.7318","17.5324","","0.33%"
"25/07/2023","17.5448","17.7464","17.7913","17.5193","","-1.09%"
"24/07/2023","17.7373","17.9839","18.0513","17.7203","","-1.07%"
"21/07/2023","17.9295","17.9163","18.0716","17.8533","","0.18%"
"20/07/2023","17.8975","17.9005","17.9910","17.7306","","0.26%"
"19/07/2023","17.8513","17.8509","17.9872","17.8158","","-0.01%"
"18/07/2023","17.8522","18.0488","18.0725","17.8032","","-0.95%"
"17/07/2023","18.0231","18.1158","18.2058","17.9946","","-0.31%"
"14/07/2023","18.0789","17.9432","18.1831","17.9007","","0.91%"
"13/07/2023","17.9151","18.1313","18.1913","17.8925","","-1.16%"
"12/07/2023","18.1245","18.4909","18.5292","18.1150","","-1.92%"
"11/07/2023","18.4800","18.8373","18.8528","18.4751","","-1.63%"
"10/07/2023","18.7859","18.8149","18.9617","18.7550","","-0.11%"
"07/07/2023","18.8070","19.1122","19.1645","18.8052","","-1.63%"
"06/07/2023","19.1192","18.7592","19.1573","18.7365","","1.84%"
"05/07/2023","18.7734","18.6503","18.8313","18.6330","","0.71%"
"04/07/2023","18.6408","18.7469","18.7996","18.6091","","-0.52%"
"03/07/2023","18.7378","18.8339","18.8742","18.6539","","-0.47%"
"30/06/2023","18.8263","18.7633","19.0497","18.7204","","0.38%"
"29/06/2023","18.7541","18.6530","18.8894","18.6320","","0.57%"
"28/06/2023","18.6470","18.4779","18.7567","18.4767","","0.68%"
"27/06/2023","18.5210","18.6425","18.6721","18.4269","","-0.64%"
"26/06/2023","18.6410","18.7794","18.7794","18.5473","","-0.29%"
"23/06/2023","18.6947","18.5605","18.7815","18.4859","","0.97%"
"22/06/2023","18.5157","18.3283","18.5769","18.3075","","1.14%"
"21/06/2023","18.3065","18.3797","18.4538","18.3088","","-0.33%"
"20/06/2023","18.3663","18.1789","18.4668","18.1252","","1.07%"
"19/06/2023","18.1725","18.1917","18.2773","18.1321","","-0.06%"
"16/06/2023","18.1842","18.2215","18.2838","18.1223","","-0.19%"
"15/06/2023","18.2181","18.3441","18.4758","18.1925","","-0.61%"
"14/06/2023","18.3304","18.5941","18.6595","18.2474","","-1.55%"
"13/06/2023","18.6189","18.5552","18.6783","18.5093","","0.28%"
"12/06/2023","18.5671","18.7229","18.7605","18.5079","","-0.81%"
"09/06/2023","18.7187","18.8342","18.9076","18.6929","","-0.62%"
"08/06/2023","18.8354","19.0929","19.1152","18.7990","","-1.30%"
"07/06/2023","19.0831","19.2228","19.3086","18.9739","","-0.65%"
"06/06/2023","19.2073","19.2680","19.3605","19.1723","","-0.33%"
"05/06/2023","19.2711","19.5117","19.5697","19.2189","","-1.15%"
"02/06/2023","19.4952","19.6381","19.6626","19.4009","","-0.65%"
"01/06/2023","19.6236","19.7067","19.9240","19.5732","","-0.51%"
"31/05/2023","19.7248","19.6608","19.8535","19.6350","","0.15%"
"30/05/2023","19.6954","19.6770","19.8715","19.6423","","0.16%"
"29/05/2023","19.6649","19.6500","19.7376","19.6013","","0.10%"
"26/05/2023","19.6449","19.8211","19.8294","19.5350","","-0.81%"
"25/05/2023","19.8053","19.2335","19.8451","19.2255","","2.95%"
"24/05/2023","19.2369","19.2221","19.3144","19.1315","","0.20%"
"23/05/2023","19.1992","19.2553","19.3276","19.1614","","-0.11%"
"22/05/2023","19.2207","19.4539","19.5052","19.2031","","-1.03%"
"19/05/2023","19.4217","19.3289","19.5271","19.2388","","0.44%"
"18/05/2023","19.3363","19.2623","19.4974","19.2408","","0.49%"
"17/05/2023","19.2421","19.0768","19.3823","19.0561","","0.94%"
"16/05/2023","19.0629","19.0467","19.1689","18.9906","","0.20%"
"15/05/2023","19.0250","19.1550","19.2203","18.9946","","-1.57%"
"12/05/2023","19.3275","19.2032","19.5171","19.1570","","0.69%"
"11/05/2023","19.1958","18.8783","19.3466","18.8429","","1.73%"
"10/05/2023","18.8697","18.6276","18.9157","18.6141","","1.12%"
"09/05/2023","18.6612","18.3245","18.6747","18.3024","","1.80%"
"08/05/2023","18.3310","18.3988","18.4309","18.2750","","-0.43%"
"05/05/2023","18.4110","18.2904","18.4835","18.2533","","0.73%"
"04/05/2023","18.2779","18.2778","18.3512","18.1680","","0.02%"
"03/05/2023","18.2734","18.4762","18.4853","18.1861","","-1.00%"
"02/05/2023","18.4572","18.4059","18.5095","18.3328","","0.33%"
"01/05/2023","18.3972","18.2989","18.4159","18.2654","","0.70%"
"28/04/2023","18.2688","18.3016","18.4363","18.2681","","-0.04%"
"27/04/2023","18.2768","18.4207","18.4363","18.2150","","-0.70%"
"26/04/2023","18.4054","18.3312","18.4596","18.2586","","0.41%"
"25/04/2023","18.3294","18.1456","18.4037","18.1131","","1.09%"
"24/04/2023","18.1311","18.1050","18.2068","18.0725","","0.16%"
"21/04/2023","18.1016","18.0413","18.1651","18.0105","","0.39%"
"20/04/2023","18.0308","18.1845","18.2129","17.9897","","-0.85%"
"19/04/2023","18.1847","18.1786","18.3241","18.0664","","0.13%"
"18/04/2023","18.1613","18.3152","18.3321","18.1331","","-0.82%"
"17/04/2023","18.3116","18.0958","18.3361","18.0156","","1.26%"
"14/04/2023","18.0846","18.0724","18.1619","17.9991","","0.23%"
"13/04/2023","18.0437","18.3866","18.4394","18.0280","","-1.87%"
"12/04/2023","18.3878","18.3908","18.4611","18.2374","","0.00%"
"11/04/2023","18.3869","18.5017","18.5179","18.2456","","-0.63%"
"10/04/2023","18.5029","18.2354","18.5418","18.2046","","1.70%"
"07/04/2023","18.1942","18.2533","18.3063","18.1645","","-0.27%"
"06/04/2023","18.2433","18.0596","18.3253","18.0460","","1.13%"
"05/04/2023","18.0394","17.9325","18.0779","17.8500","","0.64%"
"04/04/2023","17.9250","17.8510","17.9802","17.7495","","0.32%"
"03/04/2023","17.8675","17.7649","17.9621","17.7557","","0.49%"
"31/03/2023","17.7803","17.8227","17.8809","17.6943","","-0.20%"
"30/03/2023","17.8157","18.1196","18.1554","17.7567","","-1.57%"
"29/03/2023","18.0995","18.1414","18.2098","18.0605","","-0.17%"
"28/03/2023","18.1310","18.3290","18.3375","18.1341","","-0.97%"
"27/03/2023","18.3085","18.1800","18.3566","18.1358","","0.83%"
"24/03/2023","18.1570","18.1060","18.2950","18.0785","","0.38%"
"23/03/2023","18.0891","18.2313","18.2775","18.0133","","-0.74%"
"22/03/2023","18.2238","18.5666","18.5882","18.1525","","-1.80%"
"21/03/2023","18.5581","18.5182","18.6152","18.4521","","0.28%"
"20/03/2023","18.5066","18.3710","18.6012","18.3227","","0.21%"
"17/03/2023","18.4671","18.3975","18.4935","18.2489","","0.43%"
"16/03/2023","18.3884","18.4703","18.4839","18.2702","","-0.14%"
"15/03/2023","18.4143","18.1168","18.5035","18.0856","","1.66%"
"14/03/2023","18.1136","18.1704","18.3348","18.0412","","-0.36%"
"13/03/2023","18.1787","18.3406","18.3406","18.0938","","-0.67%"
"10/03/2023","18.3018","18.5610","18.5671","18.1840","","-1.40%"
"09/03/2023","18.5620","18.6122","18.6712","18.4514","","-0.23%"
"08/03/2023","18.6054","18.5062","18.7208","18.4697","","0.48%"
"07/03/2023","18.5162","18.2525","18.6378","18.2113","","1.50%"
"06/03/2023","18.2429","18.1442","18.2625","18.1297","","0.54%"
"03/03/2023","18.1458","18.2059","18.2246","18.0792","","-0.28%"
"02/03/2023","18.1965","18.1225","18.2630","18.1088","","0.45%"
"01/03/2023","18.1146","18.3128","18.3824","18.0865","","-1.28%"
"28/02/2023","18.3487","18.4104","18.5201","18.2736","","-0.30%"
"27/02/2023","18.4035","18.4108","18.4894","18.3340","","-0.01%"
"24/02/2023","18.4058","18.2242","18.4934","18.1970","","1.03%"
"23/02/2023","18.2176","18.2426","18.3757","18.1840","","-0.06%"
"22/02/2023","18.2277","18.2584","18.3883","18.1150","","0.01%"
"21/02/2023","18.2254","18.1282","18.3249","18.0699","","0.63%"
"20/02/2023","18.1117","18.0625","18.1561","17.9904","","0.37%"
"17/02/2023","18.0450","18.1498","18.2971","17.9945","","-0.59%"
"16/02/2023","18.1529","18.0329","18.2309","17.9690","","0.72%"
"15/02/2023","18.0238","17.8838","18.1064","17.8801","","0.70%"
"14/02/2023","17.8988","17.8602","17.9587","17.6409","","0.24%"
"13/02/2023","17.8564","17.9438","18.0894","17.8221","","-0.36%"
"10/02/2023","17.9211","17.7550","17.9599","17.7031","","0.96%"
"09/02/2023","17.7507","17.7629","17.8177","17.5872","","-0.08%"
"08/02/2023","17.7653","17.5585","17.8309","17.4657","","1.22%"
"07/02/2023","17.5510","17.6754","17.6942","17.4519","","-0.59%"
"06/02/2023","17.6553","17.4891","17.7085","17.4442","","1.10%"
"03/02/2023","17.4637","17.0736","17.4909","17.0481","","2.35%"
"02/02/2023","17.0629","17.0413","17.1256","16.9270","","0.19%"
"01/02/2023","17.0301","17.4232","17.4413","16.9960","","-2.12%"
"31/01/2023","17.3985","17.3970","17.4935","17.3647","","0.05%"
"30/01/2023","17.3901","17.1971","17.4188","17.1777","","1.17%"
"27/01/2023","17.1896","17.1873","17.2878","17.1583","","0.04%"
"26/01/2023","17.1833","17.1147","17.2577","17.0117","","0.48%"
"25/01/2023","17.1005","17.2005","17.2625","17.0977","","-0.53%"
"24/01/2023","17.1909","17.1809","17.3204","17.1516","","0.11%"
"23/01/2023","17.1720","17.1204","17.2372","17.0622","","0.38%"
"20/01/2023","17.1063","17.2739","17.3647","17.0833","","-0.94%"
"19/01/2023","17.2683","17.1030","17.3822","17.0825","","0.92%"
"18/01/2023","17.1112","17.1147","17.1636","16.8654","","0.47%"
"17/01/2023","17.0316","17.0244","17.1748","16.9578","","0.10%"
"16/01/2023","17.0145","16.7953","17.1256","16.7415","","1.35%"
"13/01/2023","16.7875","16.7763","16.9326","16.6945","","0.11%"
"12/01/2023","16.7688","16.9251","16.9757","16.6913","","-0.78%"
"11/01/2023","16.9007","17.0294","17.0751","16.8762","","-0.70%"
"10/01/2023","17.0204","16.9422","17.1444","16.9007","","0.64%"
"09/01/2023","16.9115","17.1438","17.1586","16.8837","","-1.31%"
"06/01/2023","17.1363","17.1560","17.4417","17.0837","","-0.13%"
"05/01/2023","17.1591","16.8894","17.2993","16.8643","","1.65%"
"04/01/2023","16.8804","17.0201","17.0445","16.7787","","-0.81%"
"03/01/2023","17.0179","16.9749","17.1505","16.9249","","0.26%"
"02/01/2023","16.9743","17.0119","17.0381","16.9490","","-0.18%"
"30/12/2022","17.0044","16.9698","17.0615","16.8978","","0.25%"
"29/12/2022","16.9623","17.1126","17.1390","16.8806","","-0.83%"
"28/12/2022","17.1051","17.2017","17.2934","17.0854","","-0.50%"
"27/12/2022","17.1908","17.0248","17.3281","16.9685","","0.99%"
"26/12/2022","17.0226","17.0463","17.0463","16.9848","","-0.09%"
"23/12/2022","17.0371","17.1518","17.1819","16.9588","","-0.63%"
"22/12/2022","17.1443","17.2012","17.2496","17.0595","","-0.33%"
"21/12/2022","17.2008","17.3147","17.3652","17.1301","","-0.57%"
"20/12/2022","17.2988","17.3205","17.4552","17.2454","","-0.08%"
"19/12/2022","17.3130","17.7067","17.7081","17.1919","","-1.80%"
"16/12/2022","17.6302","17.5033","17.7269","17.4282","","0.81%"
"15/12/2022","17.4892","17.2018","17.5834","17.1517","","1.85%"
"14/12/2022","17.1711","17.2767","17.3493","17.0569","","-0.53%"
"13/12/2022","17.2633","17.5752","17.7623","17.2144","","-1.72%"
"12/12/2022","17.5657","17.3054","17.6416","17.2404","","1.35%"
"09/12/2022","17.3317","17.1828","17.3879","17.0917","","0.93%"
"08/12/2022","17.1715","17.1800","17.2418","17.0914","","-0.01%"
"07/12/2022","17.1725","17.3438","17.4165","17.0575","","-0.91%"
"06/12/2022","17.3301","17.4335","17.5042","17.2552","","-0.55%"
"05/12/2022","17.4260","17.4827","17.4969","17.1472","","-0.50%"
"02/12/2022","17.5143","17.6380","17.6480","17.2607","","-0.71%"
"01/12/2022","17.6393","17.1461","17.9633","17.0611","","2.73%"
"30/11/2022","17.1713","17.0025","17.2931","16.8944","","1.04%"
"29/11/2022","16.9950","17.1623","17.1925","16.9311","","-0.90%"
"28/11/2022","17.1501","17.1027","17.1908","17.0693","","0.43%"
"25/11/2022","17.0763","17.0169","17.1873","16.9577","","0.42%"
"24/11/2022","17.0050","16.9666","17.0626","16.9045","","0.00%"
"23/11/2022","17.0051","17.2304","17.2739","16.9559","","-1.27%"
"22/11/2022","17.2239","17.3306","17.3620","17.2300","","-0.59%"
"21/11/2022","17.3253","17.2283","17.4664","17.2250","","0.49%"
"18/11/2022","17.2407","17.4016","17.4191","17.2161","","-0.82%"
"17/11/2022","17.3837","17.2679","17.5579","17.2053","","0.71%"
"16/11/2022","17.2609","17.3226","17.4169","17.2053","","-0.22%"
"15/11/2022","17.2996","17.2983","17.4319","17.1058","","-0.01%"
"14/11/2022","17.3013","17.2416","17.3762","17.2057","","0.41%"
"11/11/2022","17.2314","17.3679","17.4689","17.2087","","-0.80%"
"10/11/2022","17.3703","17.7591","17.8398","17.3422","","-2.14%"
"09/11/2022","17.7507","17.7077","17.8627","17.6538","","0.28%"
"08/11/2022","17.7014","17.7465","17.8728","17.6507","","-0.18%"
"07/11/2022","17.7328","18.0163","18.0602","17.6827","","-0.88%"
"04/11/2022","17.8906","18.4066","18.4252","17.8749","","-2.80%"
"03/11/2022","18.4057","18.2370","18.5299","18.2069","","0.80%"
"02/11/2022","18.2600","18.1991","18.2848","17.9840","","0.38%"
"01/11/2022","18.1916","18.2978","18.3690","18.0606","","-0.54%"
"31/10/2022","18.2903","18.1469","18.3992","18.1143","","1.02%"
"28/10/2022","18.1062","18.0063","18.1919","17.9076","","0.73%"
"27/10/2022","17.9756","17.9398","18.1051","17.8745","","0.22%"
"26/10/2022","17.9357","18.2079","18.2542","17.9027","","-1.45%"
"25/10/2022","18.1995","18.4183","18.5048","18.1818","","-1.04%"
"24/10/2022","18.3901","18.0929","18.4680","18.0411","","1.55%"
"21/10/2022","18.1092","18.2882","18.5368","18.0502","","-0.69%"
"20/10/2022","18.2345","18.2898","18.3649","18.1517","","-0.24%"
"19/10/2022","18.2787","18.1099","18.3478","18.0614","","0.98%"
"18/10/2022","18.1011","18.0790","18.1921","17.9460","","0.16%"
"17/10/2022","18.0730","18.2627","18.3243","17.9993","","-1.53%"
"14/10/2022","18.3542","18.2719","18.3725","18.0999","","0.49%"
"13/10/2022","18.2650","18.3026","18.5817","18.1961","","-0.15%"
"12/10/2022","18.2916","18.1711","18.3370","18.1189","","0.66%"
"11/10/2022","18.1716","18.1130","18.2201","17.9870","","0.47%"
"10/10/2022","18.0874","18.1219","18.2385","18.0455","","-0.20%"
"07/10/2022","18.1232","17.9924","18.1740","17.9489","","0.84%"
"06/10/2022","17.9726","17.7991","18.0187","17.6881","","1.12%"
"05/10/2022","17.7728","17.6305","17.9005","17.5878","","0.81%"
"04/10/2022","17.6296","17.8459","17.8659","17.5694","","-1.18%"
"03/10/2022","17.8398","18.0756","18.1131","17.8200","","-1.69%"
"30/09/2022","18.1462","18.0028","18.1537","17.8632","","0.66%"
"29/09/2022","18.0264","17.8850","18.1086","17.7747","","1.01%"
"28/09/2022","17.8454","18.0150","18.2244","17.7995","","-0.89%"
"27/09/2022","18.0054","18.0904","18.1019","17.8411","","-0.38%"
"26/09/2022","18.0738","17.8945","18.1314","17.8945","","1.03%"
"23/09/2022","17.8895","17.5906","17.9909","17.5547","","1.74%"
"22/09/2022","17.5831","17.7234","17.8111","17.4429","","-0.84%"
"21/09/2022","17.7316","17.6833","17.7970","17.5341","","0.32%"
"20/09/2022","17.6742","17.6663","17.8194","17.6224","","0.06%"
"19/09/2022","17.6633","17.6379","17.7972","17.6021","","0.37%"
"16/09/2022","17.5988","17.5502","17.7181","17.5480","","0.30%"
"15/09/2022","17.5463","17.4806","17.6000","17.4352","","0.44%"
"14/09/2022","17.4689","17.4549","17.5014","17.3584","","0.11%"
"13/09/2022","17.4497","17.1117","17.4789","16.9918","","1.90%"
"12/09/2022","17.1244","17.2975","17.3194","17.0487","","-1.03%"
"09/09/2022","17.3025","17.5073","17.5300","17.2132","","-1.16%"
"08/09/2022","17.5057","17.2820","17.5481","17.2178","","1.39%"
"07/09/2022","17.2657","17.3013","17.4659","17.2334","","-0.17%"
"06/09/2022","17.2944","17.1774","17.3410","17.0541","","0.73%"
"05/09/2022","17.1699","17.2967","17.4287","17.1278","","-0.76%"
"02/09/2022","17.3008","17.2842","17.3505","17.1802","","0.18%"
"01/09/2022","17.2696","17.1022","17.3284","17.0855","","0.95%"
"31/08/2022","17.1069","16.9683","17.1418","16.8868","","0.78%"
"30/08/2022","16.9741","16.8619","17.0225","16.7428","","0.82%"
"29/08/2022","16.8367","16.8396","17.0110","16.7854","","-0.20%"
"26/08/2022","16.8704","16.7968","16.9037","16.7133","","0.67%"
"25/08/2022","16.7588","16.9391","16.9850","16.7074","","-1.00%"
"24/08/2022","16.9281","16.9883","17.0748","16.9138","","-0.32%"
"23/08/2022","16.9829","16.9971","17.1430","16.9080","","-0.02%"
"22/08/2022","16.9861","16.9999","17.1020","16.9755","","-0.04%"
"19/08/2022","16.9934","16.8652","17.0519","16.8604","","0.82%"
"18/08/2022","16.8549","16.6492","16.9023","16.6298","","1.26%"
"17/08/2022","16.6446","16.3763","16.6962","16.3576","","1.67%"
"16/08/2022","16.3716","16.4337","16.5215","16.3498","","-0.40%"
"15/08/2022","16.4368","16.2259","16.4686","16.1854","","1.24%"
"12/08/2022","16.2352","16.3047","16.3117","16.1517","","-0.19%"
"11/08/2022","16.2665","16.1938","16.2740","16.1084","","0.62%"
"10/08/2022","16.1659","16.6008","16.6353","16.1137","","-2.56%"
"09/08/2022","16.5905","16.6747","16.6760","16.5596","","-0.10%"
"08/08/2022","16.6063","16.8000","16.8125","16.5727","","-0.94%"
"05/08/2022","16.7636","16.6321","16.8766","16.5493","","0.95%"
"04/08/2022","16.6062","16.7879","16.8307","16.5926","","-1.00%"
"03/08/2022","16.7732","16.8133","16.9209","16.6707","","-0.19%"
"02/08/2022","16.8052","16.4700","16.8548","16.4374","","2.02%"
"01/08/2022","16.4729","16.5617","16.6750","16.4150","","-1.00%"
"29/07/2022","16.6389","16.4856","16.6808","16.3881","","0.70%"
"28/07/2022","16.5226","16.7067","16.8315","16.4767","","-1.03%"
"27/07/2022","16.6952","16.9163","16.9373","16.6578","","-1.42%"
"26/07/2022","16.9354","16.7794","16.9773","16.6836","","0.84%"
"25/07/2022","16.7949","16.8379","16.8941","16.7104","","-0.21%"
"22/07/2022","16.8304","17.0354","17.1024","16.7807","","-1.36%"
"21/07/2022","17.0616","17.1516","17.2619","16.9971","","-0.51%"
"20/07/2022","17.1485","17.0915","17.1968","17.0330","","0.38%"
"19/07/2022","17.0831","17.1182","17.1584","16.9516","","-0.20%"
"18/07/2022","17.1170","17.1023","17.1874","16.9644","","0.31%"
"15/07/2022","17.0634","17.1993","17.2854","17.0434","","-0.63%"
"14/07/2022","17.1723","16.9258","17.3094","16.9160","","1.54%"
"13/07/2022","16.9117","17.0254","17.1825","16.8545","","-0.63%"
"12/07/2022","17.0196","17.1000","17.1918","16.9394","","-0.51%"
"11/07/2022","17.1063","16.8700","17.1299","16.8317","","1.45%"
"08/07/2022","16.8625","16.6686","16.9671","16.6674","","0.96%"
"07/07/2022","16.7019","16.8108","16.8619","16.6720","","-0.58%"
"06/07/2022","16.7987","16.5368","16.8612","16.5093","","1.64%"
"05/07/2022","16.5283","16.3495","16.6091","16.2182","","1.21%"
"04/07/2022","16.3302","16.3125","16.3740","16.2324","","-0.40%"
"01/07/2022","16.3958","16.2802","16.5004","16.2770","","0.76%"
"30/06/2022","16.2720","16.2400","16.4760","16.1719","","0.26%"
"29/06/2022","16.2305","16.0710","16.2998","16.0268","","0.88%"
"28/06/2022","16.0884","15.8565","16.1005","15.8091","","1.46%"
"27/06/2022","15.8563","15.8000","15.9308","15.7635","","0.36%"
"24/06/2022","15.7990","15.9665","15.9895","15.7555","","-0.96%"
"23/06/2022","15.9527","15.9083","16.0547","15.9007","","0.29%"
"22/06/2022","15.9067","15.9312","16.0616","15.8511","","-0.09%"
"21/06/2022","15.9204","16.0360","16.0626","15.8233","","-0.67%"
"20/06/2022","16.0285","15.9867","16.0919","15.9461","","0.36%"
"17/06/2022","15.9708","15.9947","16.0572","15.8538","","-0.09%"
"16/06/2022","15.9851","15.7761","16.1055","15.7472","","1.28%"
"15/06/2022","15.7829","16.0616","16.0951","15.7164","","-1.69%"
"14/06/2022","16.0541","16.1114","16.1686","15.9701","","-0.30%"
"13/06/2022","16.1025","15.8495","16.1897","15.8177","","1.72%"
"10/06/2022","15.8305","15.5106","15.9226","15.3987","","2.06%"
"09/06/2022","15.5104","15.2848","15.5212","15.1654","","1.49%"
"08/06/2022","15.2825","15.3942","15.4473","15.2558","","-0.66%"
"07/06/2022","15.3842","15.4333","15.5522","15.3286","","-0.29%"
"06/06/2022","15.4292","15.6000","15.6000","15.2967","","-0.65%"
"03/06/2022","15.5296","15.4766","15.5929","15.3790","","0.39%"
"02/06/2022","15.4695","15.5771","15.6335","15.4482","","-0.73%"
"01/06/2022","15.5839","15.6288","15.7075","15.4806","","-0.27%"
"31/05/2022","15.6258","15.4918","15.6870","15.4759","","0.91%"
"30/05/2022","15.4843","15.5913","15.6125","15.4482","","-0.54%"
"27/05/2022","15.5688","15.7068","15.7469","15.5329","","-0.74%"
"26/05/2022","15.6848","15.7638","15.8679","15.6890","","-0.29%"
"25/05/2022","15.7308","15.6320","15.7821","15.5598","","0.56%"
"24/05/2022","15.6429","15.7599","15.8564","15.6211","","-0.69%"
"23/05/2022","15.7515","15.8844","15.8977","15.6334","","-0.52%"
"20/05/2022","15.8332","15.8367","15.9502","15.7899","","-0.11%"
"19/05/2022","15.8509","16.0606","16.0990","15.7647","","-1.05%"
"18/05/2022","16.0183","15.9222","16.1109","15.8776","","0.71%"
"17/05/2022","15.9046","16.1855","16.1940","15.8857","","-1.55%"
"16/05/2022","16.1551","16.1167","16.3248","16.1167","","0.01%"
"13/05/2022","16.1533","16.1317","16.2914","15.9776","","0.33%"
"12/05/2022","16.1008","16.0821","16.2695","16.0542","","0.09%"
"11/05/2022","16.0857","16.1454","16.1809","15.9843","","-0.32%"
"10/05/2022","16.1379","16.1790","16.2690","16.0534","","-0.11%"
"09/05/2022","16.1550","16.0160","16.2737","16.0078","","0.92%"
"06/05/2022","16.0085","15.9880","16.1814","15.8868","","0.14%"
"05/05/2022","15.9855","15.4492","16.0844","15.4313","","3.51%"
"04/05/2022","15.4433","15.7763","15.8800","15.4108","","-2.07%"
"03/05/2022","15.7692","16.1444","16.1735","15.7477","","-2.37%"
"02/05/2022","16.1519","15.8154","16.1997","15.7533","","2.18%"
"29/04/2022","15.8079","16.0297","16.0297","15.7174","","-1.34%"
"28/04/2022","16.0222","15.9080","16.1352","15.8417","","0.81%"
"27/04/2022","15.8936","15.8296","15.9941","15.7681","","0.38%"
"26/04/2022","15.8333","15.6800","15.8723","15.6274","","1.03%"
"25/04/2022","15.6713","15.5992","15.7987","15.5817","","0.24%"
"22/04/2022","15.6345","15.3825","15.6835","15.3689","","1.57%"
"21/04/2022","15.3925","15.0444","15.4282","15.0220","","2.50%"
"20/04/2022","15.0166","14.9658","15.1032","14.9273","","0.46%"
"19/04/2022","14.9481","14.6571","15.0065","14.6493","","2.09%"
"18/04/2022","14.6417","14.6151","14.7311","14.5938","","0.23%"
"15/04/2022","14.6076","14.6620","14.6857","14.5881","","-0.33%"
"14/04/2022","14.6562","14.5567","14.7510","14.5081","","0.69%"
"13/04/2022","14.5554","14.5188","14.5950","14.4429","","0.35%"
"12/04/2022","14.5042","14.5779","14.6078","14.4540","","-0.51%"
"11/04/2022","14.5783","14.6246","14.6945","14.5528","","-0.62%"
"08/04/2022","14.6694","14.7580","14.7771","14.6194","","-0.49%"
"07/04/2022","14.7415","14.6631","14.8155","14.6491","","0.54%"
"06/04/2022","14.6629","14.6644","14.7727","14.6017","","-0.04%"
"05/04/2022","14.6694","14.5929","14.7017","14.5110","","0.62%"
"04/04/2022","14.5796","14.6521","14.6692","14.5613","","-0.53%"
"01/04/2022","14.6575","14.6192","14.7079","14.5311","","0.37%"
"31/03/2022","14.6038","14.4752","14.6480","14.4012","","1.01%"
"30/03/2022","14.4583","14.5463","14.5491","14.4289","","-0.49%"
"29/03/2022","14.5292","14.7373","14.7373","14.4967","","-1.36%"
"28/03/2022","14.7298","14.5558","14.7408","14.5014","","1.19%"
"25/03/2022","14.5563","14.5239","14.6228","14.4800","","0.33%"
"24/03/2022","14.5081","14.7600","14.7973","14.5111","","-1.66%"
"23/03/2022","14.7534","14.8242","14.8535","14.7346","","-0.62%"
"22/03/2022","14.8460","14.9317","15.0023","14.7808","","-0.38%"
"21/03/2022","14.9029","14.9523","15.0119","14.8723","","-0.44%"
"18/03/2022","14.9689","14.9071","15.0337","14.8959","","0.34%"
"17/03/2022","14.9186","14.9181","14.9866","14.8518","","0.06%"
"16/03/2022","14.9099","15.1100","15.1425","14.9066","","-1.29%"
"15/03/2022","15.1042","15.1217","15.1856","15.0549","","-0.13%"
"14/03/2022","15.1238","15.0707","15.1443","15.0145","","0.40%"
"11/03/2022","15.0632","15.0563","15.1247","14.9687","","0.20%"
"10/03/2022","15.0327","15.0071","15.1689","14.9970","","0.21%"
"09/03/2022","15.0015","15.2794","15.3095","14.9768","","-1.95%"
"08/03/2022","15.3001","15.3396","15.4075","15.2064","","-0.23%"
"07/03/2022","15.3354","15.3966","15.4721","15.2493","","-0.35%"
"04/03/2022","15.3891","15.2083","15.4995","15.1896","","1.26%"
"03/03/2022","15.1975","15.3212","15.3954","15.1552","","-0.72%"
"02/03/2022","15.3071","15.4232","15.5666","15.2869","","-0.75%"
"01/03/2022","15.4224","15.3892","15.5000","15.2513","","0.40%"
"28/02/2022","15.3614","15.1456","15.5030","15.1456","","1.48%"
"25/02/2022","15.1381","15.3632","15.3905","15.1047","","-1.42%"
"24/02/2022","15.3554","15.1350","15.5363","15.0867","","1.64%"
"23/02/2022","15.1071","15.0442","15.1421","14.9726","","0.34%"
"22/02/2022","15.0558","15.1417","15.2340","15.0131","","-0.45%"
"21/02/2022","15.1232","15.1073","15.2054","15.0394","","0.30%"
"18/02/2022","15.0784","14.9752","15.1773","14.9299","","0.61%"
"17/02/2022","14.9874","14.9971","15.1044","14.9095","","0.00%"
"16/02/2022","14.9878","15.1029","15.1575","14.9785","","-0.80%"
"15/02/2022","15.1081","15.1325","15.2510","14.9916","","-0.07%"
"14/02/2022","15.1185","15.2096","15.2874","15.0880","","-0.54%"
"11/02/2022","15.2007","15.1678","15.2761","15.0565","","0.26%"
"10/02/2022","15.1614","15.2051","15.2710","14.9779","","-0.30%"
"09/02/2022","15.2068","15.3579","15.3946","15.1634","","-0.86%"
"08/02/2022","15.3385","15.5036","15.5926","15.3368","","-1.11%"
"07/02/2022","15.5100","15.4707","15.5595","15.3941","","0.17%"
"04/02/2022","15.4836","15.2925","15.5340","15.2229","","1.50%"
"03/02/2022","15.2541","15.3343","15.4035","15.2384","","-0.52%"
"02/02/2022","15.3340","15.2721","15.4029","15.2135","","0.50%"
"01/02/2022","15.2578","15.3788","15.4280","15.2039","","-0.80%"
"31/01/2022","15.3808","15.6100","15.6321","15.3278","","-1.28%"
"28/01/2022","15.5804","15.4584","15.7075","15.4208","","0.78%"
"27/01/2022","15.4596","15.3373","15.5355","15.2100","","0.84%"
"26/01/2022","15.3311","15.2504","15.3699","15.1184","","0.74%"
"25/01/2022","15.2183","15.2850","15.3693","15.2079","","-0.30%"
"24/01/2022","15.2643","15.0919","15.3991","15.0810","","1.13%"
"21/01/2022","15.0941","15.2154","15.2838","15.0599","","-0.71%"
"20/01/2022","15.2016","15.3306","15.3517","15.0961","","-0.81%"
"19/01/2022","15.3263","15.5180","15.5413","15.2739","","-1.13%"
"18/01/2022","15.5021","15.4168","15.5752","15.3579","","0.80%"
"17/01/2022","15.3797","15.3896","15.4572","15.3231","","-0.03%"
"14/01/2022","15.3846","15.4104","15.4518","15.2664","","-0.10%"
"13/01/2022","15.3996","15.3117","15.4463","15.2609","","0.69%"
"12/01/2022","15.2940","15.5760","15.5773","15.2899","","-1.49%"
"11/01/2022","15.5250","15.6312","15.6939","15.5079","","-0.86%"
"10/01/2022","15.6589","15.6267","15.7429","15.5635","","0.46%"
"07/01/2022","15.5875","15.7333","15.7958","15.5523","","-0.89%"
"06/01/2022","15.7275","15.8868","15.9920","15.6642","","-1.06%"
"05/01/2022","15.8962","16.0184","16.0644","15.7076","","-0.68%"
"04/01/2022","16.0047","15.9092","16.0803","15.8076","","0.83%"
"03/01/2022","15.8728","16.0038","16.0091","15.7614","","-0.75%"
"31/12/2021","15.9921","15.9066","16.0003","15.8712","","0.44%"
"30/12/2021","15.9220","15.9388","16.0266","15.8805","","-0.05%"
"29/12/2021","15.9299","15.7382","15.9745","15.7308","","1.11%"
"28/12/2021","15.7554","15.5400","15.8392","15.5198","","1.43%"
"27/12/2021","15.5338","15.5610","15.5760","15.4974","","-0.13%"
"24/12/2021","15.5535","15.6667","15.6886","15.5062","","-0.65%"
"23/12/2021","15.6553","15.6986","15.8201","15.6102","","-0.20%"
"22/12/2021","15.6870","15.8525","15.9219","15.6725","","-0.99%"
"21/12/2021","15.8433","15.7714","15.8995","15.7318","","0.55%"
"20/12/2021","15.7566","15.8807","15.9676","15.7276","","-0.74%"
"17/12/2021","15.8740","15.9376","15.9805","15.7990","","-0.38%"
"16/12/2021","15.9343","16.0001","16.0423","15.8971","","-0.23%"
"15/12/2021","15.9704","16.1208","16.2696","15.9460","","-0.74%"
"14/12/2021","16.0892","16.0312","16.1748","15.9841","","0.42%"
"13/12/2021","16.0215","15.9761","16.0702","15.8648","","0.30%"
"10/12/2021","15.9741","15.9275","16.0933","15.8667","","0.34%"
"09/12/2021","15.9200","15.7170","16.0174","15.6804","","1.43%"
"08/12/2021","15.6948","15.8482","15.8999","15.6669","","-0.91%"
"07/12/2021","15.8396","15.9054","16.0425","15.8347","","-0.27%"
"06/12/2021","15.8821","16.0820","16.0830","15.8294","","-1.21%"
"03/12/2021","16.0768","15.9479","16.1505","15.7944","","0.93%"
"02/12/2021","15.9287","16.0246","16.0623","15.7696","","-0.63%"
"01/12/2021","16.0296","15.9090","16.0582","15.7355","","0.98%"
"30/11/2021","15.8735","16.1479","16.2510","15.8504","","-1.66%"
"29/11/2021","16.1421","16.3079","16.3079","16.0715","","-0.99%"
"26/11/2021","16.3027","15.9450","16.3683","15.9450","","2.16%"
"25/11/2021","15.9580","15.8881","15.9833","15.8083","","0.41%"
"24/11/2021","15.8932","15.8167","15.9821","15.7997","","0.41%"
"23/11/2021","15.8284","15.8438","15.9440","15.7553","","-0.14%"
"22/11/2021","15.8503","15.7227","15.8668","15.6850","","0.84%"
"19/11/2021","15.7177","15.6440","15.7894","15.5341","","0.93%"
"18/11/2021","15.5728","15.5057","15.7705","15.4486","","0.51%"
"17/11/2021","15.4933","15.5094","15.5829","15.4446","","-0.08%"
"16/11/2021","15.5051","15.2488","15.5616","15.1796","","1.81%"
"15/11/2021","15.2289","15.3321","15.3636","15.1511","","-0.68%"
"12/11/2021","15.3329","15.2929","15.3788","15.2228","","0.23%"
"11/11/2021","15.2979","15.4204","15.4922","15.1812","","-0.76%"
"10/11/2021","15.4143","15.0333","15.4756","15.0264","","2.70%"
"09/11/2021","15.0092","14.9142","15.1144","14.8610","","0.68%"
"08/11/2021","14.9083","15.0579","15.1208","14.8949","","-0.94%"
"05/11/2021","15.0504","15.2109","15.3142","15.0136","","-1.03%"
"04/11/2021","15.2075","15.2615","15.3536","15.1413","","-0.34%"
"03/11/2021","15.2589","15.4385","15.4946","15.2302","","-1.12%"
"02/11/2021","15.4318","15.4057","15.4944","15.3498","","0.09%"
"01/11/2021","15.4172","15.2088","15.4526","15.2079","","1.40%"
"29/10/2021","15.2038","15.1431","15.3313","15.1112","","0.48%"
"28/10/2021","15.1315","15.0871","15.1838","15.0448","","0.36%"
"27/10/2021","15.0775","14.8342","15.0907","14.8095","","1.87%"
"26/10/2021","14.8011","14.7031","14.8713","14.6518","","0.66%"
"25/10/2021","14.7046","14.8250","14.8905","14.6739","","-0.76%"
"22/10/2021","14.8175","14.6855","14.8444","14.5614","","1.02%"
"21/10/2021","14.6675","14.3981","14.7037","14.3793","","1.91%"
"20/10/2021","14.3925","14.5297","14.5781","14.3503","","-0.89%"
"19/10/2021","14.5224","14.6818","14.6953","14.5023","","-1.08%"
"18/10/2021","14.6816","14.6400","14.8052","14.6081","","0.60%"
"15/10/2021","14.5943","14.7787","14.8030","14.5935","","-1.29%"
"14/10/2021","14.7846","14.8069","14.8361","14.7009","","-0.13%"
"13/10/2021","14.8039","14.9771","14.9891","14.7840","","-1.15%"
"12/10/2021","14.9755","15.0594","15.0922","14.9099","","-0.52%"
"11/10/2021","15.0543","14.9607","15.0810","14.8966","","0.68%"
"08/10/2021","14.9532","14.9565","15.0112","14.7861","","0.16%"
"07/10/2021","14.9300","15.0013","15.0341","14.8182","","-0.23%"
"06/10/2021","14.9638","14.9973","15.2022","14.9542","","-0.16%"
"05/10/2021","14.9884","15.0338","15.1131","14.9531","","-0.24%"
"04/10/2021","15.0238","14.9067","15.0786","14.8505","","1.05%"
"01/10/2021","14.8682","15.0892","15.1498","14.8391","","-1.46%"
"30/09/2021","15.0884","15.1831","15.2551","14.9830","","-0.57%"
"29/09/2021","15.1756","15.0950","15.2266","14.9659","","0.55%"
"28/09/2021","15.0925","14.9708","15.1719","14.9109","","0.91%"
"27/09/2021","14.9563","14.9492","15.1057","14.8594","","0.10%"
"24/09/2021","14.9417","14.7450","15.0405","14.7345","","1.38%"
"23/09/2021","14.7388","14.7778","14.8679","14.5662","","-0.35%"
"22/09/2021","14.7902","14.8417","14.8833","14.6543","","-0.23%"
"21/09/2021","14.8246","14.7888","14.9023","14.6569","","0.27%"
"20/09/2021","14.7850","14.7188","14.8632","14.7188","","0.70%"
"17/09/2021","14.6825","14.5882","14.7923","14.5340","","0.62%"
"16/09/2021","14.5915","14.4342","14.6292","14.3806","","1.28%"
"15/09/2021","14.4067","14.3121","14.4892","14.2447","","0.61%"
"14/09/2021","14.3192","14.1491","14.3430","14.1247","","1.20%"
"13/09/2021","14.1496","14.2093","14.2601","14.1258","","-0.34%"
"10/09/2021","14.1983","14.1981","14.2348","14.0612","","-0.01%"
"09/09/2021","14.1998","14.1996","14.2499","14.0969","","0.14%"
"08/09/2021","14.1806","14.3110","14.3671","14.1611","","-0.85%"
"07/09/2021","14.3022","14.2470","14.3586","14.2241","","0.55%"
"06/09/2021","14.2245","14.3013","14.3717","14.2263","","-0.60%"
"03/09/2021","14.3098","14.4558","14.4905","14.2481","","-0.98%"
"02/09/2021","14.4516","14.4167","14.4976","14.3117","","0.30%"
"01/09/2021","14.4083","14.5166","14.5477","14.3619","","-0.71%"
"31/08/2021","14.5112","14.6396","14.6933","14.4463","","-1.03%"
"30/08/2021","14.6622","14.7432","14.7488","14.5915","","-0.37%"
"27/08/2021","14.7163","14.8985","14.9559","14.6877","","-1.37%"
"26/08/2021","14.9214","14.9556","15.0122","14.8776","","-0.19%"
"25/08/2021","14.9494","15.0104","15.0591","14.9011","","-0.35%"
"24/08/2021","15.0016","15.1553","15.1877","14.9763","","-0.76%"
"23/08/2021","15.1167","15.3015","15.3394","15.1082","","-1.16%"
"20/08/2021","15.2943","15.2166","15.3964","15.1536","","0.61%"
"19/08/2021","15.2013","14.9254","15.2738","14.9005","","1.76%"
"18/08/2021","14.9385","14.9086","15.0027","14.8370","","0.30%"
"17/08/2021","14.8933","14.8271","14.9934","14.7842","","0.41%"
"16/08/2021","14.8318","14.7291","14.8636","14.6875","","0.75%"
"13/08/2021","14.7207","14.7721","14.8788","14.6851","","-0.39%"
"12/08/2021","14.7780","14.6637","14.8095","14.6307","","0.87%"
"11/08/2021","14.6511","14.8140","14.9074","14.6152","","-0.95%"
"10/08/2021","14.7916","14.7503","14.8576","14.7303","","0.09%"
"09/08/2021","14.7783","14.5898","14.7966","14.5743","","1.27%"
"06/08/2021","14.5927","14.5091","14.7033","14.4471","","0.62%"
"05/08/2021","14.5029","14.3650","14.7236","14.3323","","0.96%"
"04/08/2021","14.3652","14.3200","14.4184","14.2223","","0.39%"
"03/08/2021","14.3088","14.4725","14.4744","14.2942","","-1.01%"
"02/08/2021","14.4546","14.5604","14.6551","14.3724","","-0.74%"
"30/07/2021","14.5622","14.5571","14.6665","14.5219","","0.09%"
"29/07/2021","14.5494","14.7820","14.7822","14.5282","","-1.52%"
"28/07/2021","14.7745","14.8126","14.8936","14.7095","","-0.03%"
"27/07/2021","14.7791","14.7983","14.9581","14.7604","","-0.19%"
"26/07/2021","14.8069","14.7875","14.9989","14.7636","","-0.24%"
"23/07/2021","14.8425","14.6983","14.8667","14.6758","","1.09%"
"22/07/2021","14.6830","14.6033","14.7601","14.5092","","0.60%"
"21/07/2021","14.5958","14.5959","14.7398","14.5366","","-0.03%"
"20/07/2021","14.6004","14.5708","14.6804","14.5040","","0.24%"
"19/07/2021","14.5648","14.3637","14.6069","14.3637","","1.24%"
"16/07/2021","14.3858","14.5721","14.5860","14.3349","","-1.18%"
"15/07/2021","14.5570","14.5350","14.6223","14.4432","","0.34%"
"14/07/2021","14.5071","14.7328","14.7917","14.4427","","-1.50%"
"13/07/2021","14.7279","14.4104","14.7673","14.3804","","2.24%"
"12/07/2021","14.4058","14.1960","14.5062","14.1960","","1.63%"
"09/07/2021","14.1746","14.3391","14.3578","14.1619","","-1.10%"
"08/07/2021","14.3317","14.3179","14.4435","14.2853","","0.19%"
"07/07/2021","14.3046","14.3816","14.4161","14.2487","","-0.52%"
"06/07/2021","14.3791","14.2637","14.4201","14.1640","","0.85%"
"05/07/2021","14.2581","14.3188","14.3188","14.2019","","0.05%"
"02/07/2021","14.2503","14.4224","14.5198","14.2182","","-1.16%"
"01/07/2021","14.4174","14.2826","14.4805","14.2339","","1.05%"
"30/06/2021","14.2676","14.3483","14.3596","14.2142","","-0.55%"
"29/06/2021","14.3466","14.2248","14.3765","14.2150","","0.78%"
"28/06/2021","14.2350","14.1723","14.2810","14.1362","","0.66%"
"25/06/2021","14.1412","14.2038","14.2177","14.0197","","-0.35%"
"24/06/2021","14.1913","14.2286","14.2878","14.1549","","-0.11%"
"23/06/2021","14.2075","14.2717","14.2913","14.1408","","-0.39%"
"22/06/2021","14.2625","14.2392","14.3909","14.1459","","0.23%"
"21/06/2021","14.2296","14.3881","14.4031","14.2077","","-1.05%"
"18/06/2021","14.3806","14.0795","14.4005","14.0583","","2.19%"
"17/06/2021","14.0720","14.0042","14.1634","13.9393","","0.45%"
"16/06/2021","14.0092","13.7729","14.0434","13.6778","","1.81%"
"15/06/2021","13.7607","13.7870","13.8581","13.7088","","-0.03%"
"14/06/2021","13.7650","13.6925","13.8072","13.6854","","0.65%"
"11/06/2021","13.6758","13.5968","13.7651","13.5206","","0.60%"
"10/06/2021","13.5947","13.7461","13.7685","13.5694","","-1.13%"
"09/06/2021","13.7506","13.5479","13.7679","13.5191","","1.36%"
"08/06/2021","13.5656","13.4975","13.6093","13.4876","","0.56%"
"07/06/2021","13.4900","13.4000","13.5428","13.4000","","0.41%"
"04/06/2021","13.4346","13.6317","13.6903","13.4139","","-1.43%"
"03/06/2021","13.6301","13.5254","13.6587","13.4959","","0.88%"
"02/06/2021","13.5117","13.7481","13.8210","13.5082","","-1.70%"
"01/06/2021","13.7459","13.7258","13.8008","13.6781","","0.20%"
"31/05/2021","13.7183","13.7750","13.8050","13.7132","","-0.29%"
"28/05/2021","13.7579","13.7692","13.8794","13.7255","","0.04%"
"27/05/2021","13.7520","13.7731","13.8067","13.6758","","-0.10%"
"26/05/2021","13.7656","13.8671","13.8806","13.7407","","-0.64%"
"25/05/2021","13.8541","13.9192","13.9363","13.8138","","-0.45%"
"24/05/2021","13.9167","13.9550","14.0303","13.9047","","-0.28%"
"21/05/2021","13.9560","13.9954","14.0128","13.8906","","-0.09%"
"20/05/2021","13.9692","14.1063","14.1184","13.9615","","-0.93%"
"19/05/2021","14.1005","14.0002","14.1319","13.9709","","0.81%"
"18/05/2021","13.9875","14.0994","14.1174","13.9638","","-0.85%"
"17/05/2021","14.1079","14.1183","14.1883","14.0880","","-0.02%"
"14/05/2021","14.1108","14.1053","14.1843","14.0209","","0.02%"
"13/05/2021","14.1075","14.1305","14.2019","14.0556","","-0.04%"
"12/05/2021","14.1138","14.0258","14.1454","13.9576","","0.85%"
"11/05/2021","13.9943","14.0346","14.0848","13.9492","","-0.32%"
"10/05/2021","14.0390","14.0593","14.1256","13.9622","","-0.11%"
"07/05/2021","14.0541","14.2205","14.2701","14.0492","","-1.31%"
"06/05/2021","14.2401","14.3763","14.3853","14.1832","","-0.85%"
"05/05/2021","14.3617","14.5000","14.5330","14.3412","","-0.64%"
"04/05/2021","14.4541","14.3946","14.5446","14.3884","","0.44%"
"03/05/2021","14.3913","14.5321","14.5321","14.3674","","-0.71%"
"30/04/2021","14.4938","14.3117","14.5188","14.2860","","1.35%"
"29/04/2021","14.3008","14.2479","14.3637","14.1463","","0.52%"
"28/04/2021","14.2275","14.3496","14.4397","14.2062","","-0.94%"
"27/04/2021","14.3629","14.2725","14.3923","14.2546","","0.64%"
"26/04/2021","14.2722","14.3073","14.3073","14.2218","","0.03%"
"23/04/2021","14.2685","14.3070","14.3573","14.2354","","-0.20%"
"22/04/2021","14.2975","14.2463","14.3665","14.2008","","0.40%"
"21/04/2021","14.2408","14.3033","14.3401","14.2254","","-0.39%"
"20/04/2021","14.2971","14.2246","14.3399","14.1840","","0.58%"
"19/04/2021","14.2144","14.3421","14.3421","14.1704","","-0.60%"
"16/04/2021","14.3009","14.2000","14.3519","14.1457","","1.03%"
"15/04/2021","14.1556","14.3976","14.4394","14.1509","","-1.61%"
"14/04/2021","14.3872","14.5308","14.5363","14.3680","","-0.94%"
"13/04/2021","14.5233","14.5817","14.6882","14.5009","","-0.29%"
"12/04/2021","14.5651","14.6250","14.6692","14.5447","","-0.20%"
"09/04/2021","14.5937","14.5200","14.6294","14.5001","","0.62%"
"08/04/2021","14.5041","14.5667","14.5933","14.4445","","-0.35%"
"07/04/2021","14.5546","14.5333","14.6044","14.4833","","0.26%"
"06/04/2021","14.5168","14.5567","14.6224","14.4882","","-0.20%"
"05/04/2021","14.5457","14.6819","14.7109","14.5213","","-0.86%"
"02/04/2021","14.6712","14.6583","14.6875","14.6038","","0.39%"
"01/04/2021","14.6145","14.7767","14.8479","14.6112","","-1.03%"
"31/03/2021","14.7665","14.9172","14.9684","14.7206","","-0.98%"
"30/03/2021","14.9129","14.9150","15.0007","14.8669","","0.06%"
"29/03/2021","14.9042","15.0045","15.0714","14.8704","","-0.62%"
"26/03/2021","14.9970","15.0475","15.1033","14.9323","","-0.15%"
"25/03/2021","15.0196","14.9204","15.0966","14.8580","","0.33%"
"24/03/2021","14.9699","14.9098","14.9985","14.7512","","0.45%"
"23/03/2021","14.9023","14.7196","14.9445","14.6901","","1.32%"
"22/03/2021","14.7088","14.8467","14.9559","14.6737","","0.06%"
"19/03/2021","14.7002","14.7879","14.8253","14.6446","","-0.45%"
"18/03/2021","14.7673","14.6532","14.8225","14.6082","","0.83%"
"17/03/2021","14.6463","14.8699","14.9805","14.6125","","-1.41%"
"16/03/2021","14.8563","14.8575","14.9578","14.7733","","0.00%"
"15/03/2021","14.8558","14.9000","15.0325","14.8290","","-0.51%"
"12/03/2021","14.9323","14.8297","15.0449","14.8038","","0.74%"
"11/03/2021","14.8229","15.0886","15.1202","14.7869","","-1.61%"
"10/03/2021","15.0649","15.2934","15.3771","15.0528","","-1.50%"
"09/03/2021","15.2950","15.5150","15.5555","15.2685","","-1.52%"
"08/03/2021","15.5316","15.3554","15.5731","15.3099","","1.20%"
"05/03/2021","15.3479","15.2742","15.4415","15.2272","","0.37%"
"04/03/2021","15.2918","15.0873","15.3462","14.9960","","1.41%"
"03/03/2021","15.0785","14.9633","15.1135","14.8559","","0.98%"
"02/03/2021","14.9326","15.0175","15.1192","14.9200","","-0.52%"
"01/03/2021","15.0100","15.1001","15.1394","14.8952","","-0.55%"
"26/02/2021","15.0926","15.0276","15.1977","14.8081","","0.20%"
"25/02/2021","15.0625","14.4981","15.1094","14.4513","","3.96%"
"24/02/2021","14.4887","14.5393","14.6619","14.3960","","-0.31%"
"23/02/2021","14.5343","14.6763","14.7516","14.5324","","-0.90%"
"22/02/2021","14.6659","14.6533","14.9251","14.6195","","0.14%"
"19/02/2021","14.6449","14.5917","14.7395","14.5213","","0.32%"
"18/02/2021","14.5984","14.6308","14.7232","14.5027","","-0.30%"
"17/02/2021","14.6427","14.6700","14.8273","14.6155","","-0.05%"
"16/02/2021","14.6496","14.4546","14.7092","14.4023","","1.43%"
"15/02/2021","14.4432","14.5438","14.5594","14.4144","","-0.73%"
"12/02/2021","14.5492","14.6683","14.6975","14.5205","","-0.54%"
"11/02/2021","14.6286","14.7475","14.7731","14.6053","","-0.79%"
"10/02/2021","14.7454","14.7335","14.7665","14.6365","","0.15%"
"09/02/2021","14.7234","14.8830","14.8834","14.7147","","-1.03%"
"08/02/2021","14.8763","14.8777","15.0134","14.8349","","0.07%"
"05/02/2021","14.8664","15.0031","15.0349","14.8216","","-0.87%"
"04/02/2021","14.9963","14.9388","15.1279","14.9240","","0.41%"
"03/02/2021","14.9354","14.9674","15.0246","14.8824","","-0.15%"
"02/02/2021","14.9576","15.0625","15.0840","14.8911","","-0.72%"
"01/02/2021","15.0665","15.1650","15.2223","14.9676","","-0.60%"
"29/01/2021","15.1575","15.2067","15.2925","14.9525","","-0.12%"
"28/01/2021","15.1750","15.2612","15.3830","15.0537","","-0.54%"
"27/01/2021","15.2578","15.0521","15.3271","15.0305","","1.30%"
"26/01/2021","15.0613","15.2161","15.3764","15.0454","","-1.13%"
"25/01/2021","15.2341","15.1168","15.2793","15.0613","","0.83%"
"22/01/2021","15.1093","14.9525","15.1683","14.9017","","1.17%"
"21/01/2021","14.9347","14.8983","15.0154","14.7600","","0.26%"
"20/01/2021","14.8954","14.9579","15.0298","14.8538","","-0.53%"
"19/01/2021","14.9747","15.1613","15.2056","14.9144","","-1.16%"
"18/01/2021","15.1498","15.2000","15.3818","15.1523","","-0.46%"
"15/01/2021","15.2191","15.0942","15.3056","15.0259","","1.00%"
"14/01/2021","15.0691","15.2588","15.3020","15.0285","","-1.17%"
"13/01/2021","15.2476","15.2725","15.3327","15.1559","","-0.02%"
"12/01/2021","15.2510","15.5204","15.6088","15.2052","","-1.91%"
"11/01/2021","15.5472","15.3013","15.6658","15.2925","","1.72%"
"08/01/2021","15.2838","15.4208","15.4964","15.2050","","-0.94%"
"07/01/2021","15.4285","15.0700","15.4770","14.9955","","2.50%"
"06/01/2021","15.0525","14.9816","15.1479","14.8845","","0.57%"
"05/01/2021","14.9676","14.7183","15.0664","14.6269","","1.72%"
"04/01/2021","14.7149","14.6775","14.7501","14.5063","","0.42%"
"01/01/2021","14.6538","14.6950","14.6993","14.6613","","-0.23%"
"31/12/2020","14.6878","14.6078","14.7204","14.5707","","0.60%"
"30/12/2020","14.6003","14.7078","14.7301","14.5768","","-0.73%"
"29/12/2020","14.7076","14.6503","14.7330","14.5549","","0.48%"
"28/12/2020","14.6368","14.6325","14.6738","14.5398","","0.48%"
"25/12/2020","14.5675","14.6357","14.6407","14.5625","","-0.28%"
"24/12/2020","14.6088","14.5987","14.6898","14.5624","","0.14%"
"23/12/2020","14.5891","14.6806","14.7108","14.5463","","-0.40%"
"22/12/2020","14.6481","14.5997","14.6987","14.5504","","0.35%"
"21/12/2020","14.5974","14.5450","14.9137","14.5318","","0.49%"
"18/12/2020","14.5255","14.6546","14.7255","14.5108","","-0.77%"
"17/12/2020","14.6378","14.8238","14.8287","14.6334","","-1.18%"
"16/12/2020","14.8128","14.8812","14.9215","14.8068","","-0.42%"
"15/12/2020","14.8755","15.0250","15.0662","14.8743","","-1.02%"
"14/12/2020","15.0285","15.1300","15.1300","14.9637","","-0.62%"
"11/12/2020","15.1225","15.0567","15.1733","14.9958","","0.70%"
"10/12/2020","15.0179","14.9719","15.0983","14.8916","","0.34%"
"09/12/2020","14.9671","15.0075","15.0573","14.8772","","-0.07%"
"08/12/2020","14.9776","15.1707","15.2021","14.9664","","-1.22%"
"07/12/2020","15.1632","15.2135","15.2987","15.0968","","-0.30%"
"04/12/2020","15.2085","15.1721","15.2361","15.1253","","0.35%"
"03/12/2020","15.1551","15.2843","15.3702","15.1432","","-0.77%"
"02/12/2020","15.2733","15.2490","15.4318","15.2054","","0.19%"
"01/12/2020","15.2443","15.4737","15.4842","15.2052","","-1.43%"
"30/11/2020","15.4662","15.2608","15.4999","15.2306","","1.40%"
"27/11/2020","15.2533","15.1848","15.3424","15.1499","","0.50%"
"26/11/2020","15.1773","15.1297","15.2449","15.0963","","0.35%"
"25/11/2020","15.1237","15.2068","15.2902","15.1063","","-0.45%"
"24/11/2020","15.1922","15.4463","15.4503","15.1843","","-1.60%"
"23/11/2020","15.4388","15.4323","15.4672","15.2566","","0.18%"
"20/11/2020","15.4111","15.4100","15.4829","15.2810","","0.01%"
"19/11/2020","15.4095","15.4504","15.5863","15.3735","","-0.24%"
"18/11/2020","15.4471","15.4025","15.4841","15.2899","","0.33%"
"17/11/2020","15.3970","15.3375","15.4402","15.3064","","0.44%"
"16/11/2020","15.3295","15.5263","15.5433","15.3008","","-1.00%"
"13/11/2020","15.4841","15.6263","15.6908","15.4883","","-0.99%"
"12/11/2020","15.6390","15.6331","15.7415","15.5200","","0.12%"
"11/11/2020","15.6204","15.6499","15.7325","15.5272","","-0.03%"
"10/11/2020","15.6250","15.3625","15.7062","15.3625","","1.71%"
"09/11/2020","15.3625","15.6413","15.6413","15.2072","","-1.42%"
"06/11/2020","15.5832","15.6863","15.8122","15.5702","","-0.61%"
"05/11/2020","15.6793","15.8725","15.9886","15.6676","","-1.22%"
"04/11/2020","15.8730","16.0738","16.4372","15.8160","","-1.15%"
"03/11/2020","16.0583","16.2127","16.2372","15.9961","","-0.94%"
"02/11/2020","16.2106","16.2513","16.3346","16.1903","","-0.20%"
"30/10/2020","16.2438","16.3974","16.4646","16.1823","","-0.88%"
"29/10/2020","16.3873","16.3953","16.4935","16.2604","","0.03%"
"28/10/2020","16.3819","16.2024","16.5035","16.1652","","1.15%"
"27/10/2020","16.1954","16.2017","16.2587","16.0883","","-0.19%"
"26/10/2020","16.2257","16.2156","16.3305","16.1505","","0.24%"
"23/10/2020","16.1871","16.2150","16.2952","16.1492","","-0.06%"
"22/10/2020","16.1975","16.3270","16.4089","16.1921","","-0.59%"
"21/10/2020","16.2938","16.4815","16.4993","16.2541","","-1.10%"
"20/10/2020","16.4748","16.5181","16.5793","16.4201","","-0.20%"
"19/10/2020","16.5075","16.5300","16.5547","16.4194","","-0.25%"
"16/10/2020","16.5491","16.6538","16.6827","16.4980","","-0.63%"
"15/10/2020","16.6538","16.5167","16.7225","16.5098","","0.79%"
"14/10/2020","16.5225","16.4720","16.5858","16.4423","","0.38%"
"13/10/2020","16.4594","16.4925","16.5878","16.4320","","-0.28%"
"12/10/2020","16.5050","16.4100","16.5853","16.4100","","0.29%"
"09/10/2020","16.4573","16.5876","16.6024","16.3968","","-0.74%"
"08/10/2020","16.5799","16.6300","16.6806","16.5484","","-0.23%"
"07/10/2020","16.6189","16.6958","16.7425","16.5360","","-0.63%"
"06/10/2020","16.7245","16.5613","16.7451","16.4580","","0.93%"
"05/10/2020","16.5706","16.5275","16.6165","16.3588","","0.17%"
"02/10/2020","16.5424","16.6246","16.8036","16.4372","","-0.35%"
"01/10/2020","16.5997","16.7493","16.7697","16.5453","","-0.80%"
"30/09/2020","16.7339","16.9586","17.0320","16.6409","","-1.23%"
"29/09/2020","16.9417","17.0564","17.2150","16.8738","","-0.60%"
"28/09/2020","17.0440","17.1311","17.2227","16.9777","","-0.44%"
"25/09/2020","17.1186","16.9328","17.2680","16.8024","","1.23%"
"24/09/2020","16.9113","17.0543","17.2287","16.8567","","-0.91%"
"23/09/2020","17.0668","16.7938","17.1084","16.7637","","1.63%"
"22/09/2020","16.7926","16.7813","16.9693","16.5560","","0.10%"
"21/09/2020","16.7762","16.3429","16.9447","16.2465","","2.82%"
"18/09/2020","16.3163","16.1649","16.3515","16.0807","","1.01%"
"17/09/2020","16.1534","16.2351","16.4519","16.1499","","-0.46%"
"16/09/2020","16.2281","16.4429","16.4826","16.2068","","-1.24%"
"15/09/2020","16.4317","16.6773","16.7053","16.3857","","-1.36%"
"14/09/2020","16.6577","16.7474","16.7627","16.6033","","-0.46%"
"11/09/2020","16.7350","16.8683","16.9164","16.7019","","-0.95%"
"10/09/2020","16.8949","16.6048","16.9428","16.5895","","1.77%"
"09/09/2020","16.6012","16.9312","17.0194","16.5772","","-1.78%"
"08/09/2020","16.9013","16.7416","17.0054","16.6924","","1.00%"
"07/09/2020","16.7343","16.6294","16.7713","16.5829","","0.77%"
"04/09/2020","16.6068","16.7475","16.8302","16.5481","","-0.69%"
"03/09/2020","16.7225","16.8408","16.9130","16.6500","","-0.45%"
"02/09/2020","16.7988","16.6663","16.9295","16.6167","","0.98%"
"01/09/2020","16.6363","16.9275","16.9751","16.5517","","-1.77%"
"31/08/2020","16.9361","16.6313","16.9809","16.5454","","2.13%"
"28/08/2020","16.5827","17.0183","17.0693","16.5563","","-2.69%"
"27/08/2020","17.0403","16.9200","17.1106","16.8085","","1.01%"
"26/08/2020","16.8700","16.8381","16.9864","16.7533","","0.16%"
"25/08/2020","16.8433","16.9171","16.9816","16.7199","","-0.57%"
"24/08/2020","16.9396","17.1798","17.1798","16.8965","","-1.20%"
"21/08/2020","17.1452","17.2676","17.3196","17.0960","","-0.70%"
"20/08/2020","17.2658","17.2467","17.3510","17.1863","","-0.01%"
"19/08/2020","17.2675","17.3400","17.3445","17.1155","","-0.38%"
"18/08/2020","17.3325","17.5075","17.5410","17.2863","","-1.02%"
"17/08/2020","17.5110","17.3866","17.5437","17.3135","","0.78%"
"14/08/2020","17.3749","17.4254","17.5072","17.3227","","-0.27%"
"13/08/2020","17.4211","17.4033","17.5072","17.3627","","-0.20%"
"12/08/2020","17.4557","17.4899","17.5843","17.3356","","-0.13%"
"11/08/2020","17.4779","17.6977","17.7422","17.4169","","-1.16%"
"10/08/2020","17.6835","17.6163","17.7901","17.5974","","0.29%"
"07/08/2020","17.6317","17.4213","17.6906","17.4118","","1.21%"
"06/08/2020","17.4214","17.3148","17.6684","17.2396","","0.58%"
"05/08/2020","17.3208","17.3843","17.4363","17.1672","","-0.54%"
"04/08/2020","17.4150","17.1931","17.5384","17.1146","","1.35%"
"03/08/2020","17.1831","17.0475","17.3533","17.0176","","1.02%"
"31/07/2020","17.0088","16.8217","17.1039","16.6908","","1.51%"
"30/07/2020","16.7565","16.5000","16.9506","16.4870","","1.26%"
"29/07/2020","16.5486","16.5263","16.6270","16.3807","","0.23%"
"28/07/2020","16.5102","16.4323","16.6094","16.3525","","0.58%"
"27/07/2020","16.4146","16.6814","16.7215","16.3914","","-1.54%"
"24/07/2020","16.6705","16.6645","16.8107","16.5797","","0.11%"
"23/07/2020","16.6523","16.4810","16.7072","16.4034","","1.12%"
"22/07/2020","16.4683","16.4102","16.5261","16.3409","","0.37%"
"21/07/2020","16.4075","16.6318","16.6463","16.3605","","-1.29%"
"20/07/2020","16.6221","16.6588","16.7664","16.5989","","-0.34%"
"17/07/2020","16.6788","16.7775","16.7703","16.6347","","-0.63%"
"16/07/2020","16.7848","16.6013","16.7910","16.5748","","1.24%"
"15/07/2020","16.5790","16.7331","16.7551","16.5061","","-0.91%"
"14/07/2020","16.7306","16.8563","16.8945","16.7006","","-0.63%"
"13/07/2020","16.8369","16.7750","16.8905","16.6577","","0.42%"
"10/07/2020","16.7665","16.8581","16.9785","16.7374","","-0.40%"
"09/07/2020","16.8344","16.9382","16.9764","16.7909","","-0.54%"
"08/07/2020","16.9262","17.1662","17.2178","16.9175","","-1.33%"
"07/07/2020","17.1546","16.9631","17.1950","16.9224","","1.07%"
"06/07/2020","16.9726","17.0350","17.0900","16.8858","","-0.16%"
"03/07/2020","16.9994","16.9853","17.1120","16.9121","","0.06%"
"02/07/2020","16.9892","17.0508","17.0725","16.8719","","-0.33%"
"01/07/2020","17.0450","17.3456","17.3820","17.0205","","-1.59%"
"30/06/2020","17.3210","17.2762","17.4134","17.2484","","0.27%"
"29/06/2020","17.2747","17.2927","17.3449","17.1835","","0.26%"
"26/06/2020","17.2300","17.1463","17.3774","17.1206","","0.53%"
"25/06/2020","17.1388","17.3838","17.5349","17.1099","","-1.41%"
"24/06/2020","17.3835","17.2150","17.4345","17.1718","","0.87%"
"23/06/2020","17.2332","17.3419","17.4800","17.1801","","-0.48%"
"22/06/2020","17.3163","17.3221","17.5048","17.2410","","0.03%"
"19/06/2020","17.3113","17.4600","17.4998","17.2714","","-0.84%"
"18/06/2020","17.4576","17.2006","17.5159","17.1344","","1.60%"
"17/06/2020","17.1830","17.2434","17.2968","17.0775","","-0.39%"
"16/06/2020","17.2496","17.0713","17.2934","16.8932","","0.83%"
"15/06/2020","17.1080","17.0670","17.3456","17.0163","","0.27%"
"12/06/2020","17.0620","17.1792","17.3061","16.9277","","-0.59%"
"11/06/2020","17.1635","16.5144","17.2213","16.4829","","4.04%"
"10/06/2020","16.4978","16.6265","16.6711","16.3350","","-0.81%"
"09/06/2020","16.6324","16.6783","16.9027","16.5975","","-0.22%"
"08/06/2020","16.6690","16.8500","16.8792","16.6739","","-1.19%"
"05/06/2020","16.8690","16.9057","16.9390","16.7324","","-0.17%"
"04/06/2020","16.8971","16.9385","17.0815","16.8348","","-0.11%"
"03/06/2020","16.9160","17.1650","17.1901","16.8810","","-1.39%"
"02/06/2020","17.1548","17.3610","17.4791","17.0883","","-1.16%"
"01/06/2020","17.3555","17.5650","17.6190","17.3276","","-1.05%"
"29/05/2020","17.5405","17.5245","17.6671","17.4179","","0.25%"
"28/05/2020","17.4973","17.3870","17.5427","17.2931","","0.70%"
"27/05/2020","17.3760","17.4020","17.5385","17.3457","","-0.07%"
"26/05/2020","17.3881","17.6475","17.6590","17.3230","","-1.40%"
"25/05/2020","17.6351","17.6105","17.7312","17.5320","","0.03%"
"22/05/2020","17.6298","17.5841","17.8828","17.5533","","0.29%"
"21/05/2020","17.5794","17.9264","18.0516","17.5152","","-1.89%"
"20/05/2020","17.9189","18.3430","18.3621","17.8823","","-2.22%"
"19/05/2020","18.3258","18.3535","18.3807","18.1752","","-0.12%"
"18/05/2020","18.3475","18.6313","18.6313","18.3297","","-1.14%"
"15/05/2020","18.5599","18.4430","18.6213","18.3419","","0.75%"
"14/05/2020","18.4214","18.4995","18.7598","18.4219","","-0.37%"
"13/05/2020","18.4889","18.4527","18.5967","18.2570","","0.36%"
"12/05/2020","18.4222","18.4220","18.5328","18.1662","","0.07%"
"11/05/2020","18.4102","18.3818","18.4653","18.2145","","0.40%"
"08/05/2020","18.3370","18.5790","18.6229","18.2953","","-1.35%"
"07/05/2020","18.5875","18.7815","18.8362","18.5157","","-0.73%"
"06/05/2020","18.7242","18.5178","18.8385","18.3398","","1.13%"
"05/05/2020","18.5153","18.5742","18.6086","18.2895","","-0.23%"
"04/05/2020","18.5586","18.7723","18.9618","18.5566","","-1.48%"
"01/05/2020","18.8378","18.5296","18.8906","18.4520","","1.73%"
"30/04/2020","18.5166","18.1510","18.6258","18.0106","","2.13%"
"29/04/2020","18.1304","18.6700","18.6767","18.1006","","-2.80%"
"28/04/2020","18.6534","18.7849","18.8854","18.5499","","-0.61%"
"27/04/2020","18.7678","19.0500","19.1138","18.7533","","-1.33%"
"24/04/2020","19.0213","19.0800","19.1976","18.8281","","-0.38%"
"23/04/2020","19.0946","19.0200","19.1863","18.8688","","0.44%"
"22/04/2020","19.0110","18.9713","19.0733","18.7133","","0.25%"
"21/04/2020","18.9639","18.8590","19.1214","18.7687","","0.67%"
"20/04/2020","18.8381","18.8217","18.9588","18.7063","","0.56%"
"17/04/2020","18.7333","18.8800","18.9378","18.6065","","-0.71%"
"16/04/2020","18.8675","18.7020","18.9710","18.4887","","0.95%"
"15/04/2020","18.6896","18.3130","18.8292","18.2884","","2.14%"
"14/04/2020","18.2979","18.1204","18.4473","17.9727","","1.01%"
"13/04/2020","18.1157","17.9830","18.1987","17.9830","","0.90%"
"10/04/2020","17.9539","18.0306","18.0728","17.9488","","-0.29%"
"09/04/2020","18.0067","18.1931","18.2830","17.8443","","-0.92%"
"08/04/2020","18.1735","18.3095","18.4510","18.1227","","-0.66%"
"07/04/2020","18.2942","18.6682","18.7531","18.0735","","-2.03%"
"06/04/2020","18.6736","19.0490","19.3547","18.5262","","-1.89%"
"03/04/2020","19.0340","18.4672","19.1013","18.4620","","3.14%"
"02/04/2020","18.4550","18.2265","18.6688","18.0768","","1.30%"
"01/04/2020","18.2188","17.8370","18.2751","17.8037","","2.12%"
"31/03/2020","17.8402","17.9350","18.0463","17.6726","","-0.47%"
"30/03/2020","17.9243","17.8250","18.0893","17.7659","","1.70%"
"27/03/2020","17.6250","17.3243","17.6760","17.2944","","1.82%"
"26/03/2020","17.3108","17.3355","17.6090","17.2355","","-0.08%"
"25/03/2020","17.3250","17.5270","17.6315","17.1722","","-1.02%"
"24/03/2020","17.5032","17.8326","17.8565","17.4386","","-1.78%"
"23/03/2020","17.8203","17.5450","17.9093","17.4994","","1.26%"
"20/03/2020","17.5981","17.4695","17.6322","17.1471","","0.83%"
"19/03/2020","17.4525","17.1010","17.5525","17.0578","","2.14%"
"18/03/2020","17.0862","16.6180","17.4197","16.5052","","2.99%"
"17/03/2020","16.5900","16.7047","16.7404","16.4256","","-0.61%"
"16/03/2020","16.6922","16.2176","16.7499","16.0387","","2.58%"
"13/03/2020","16.2721","16.5376","16.6240","16.0099","","-1.53%"
"12/03/2020","16.5251","16.2087","16.5958","16.0560","","1.98%"
"11/03/2020","16.2040","15.9426","16.3032","15.9231","","1.73%"
"10/03/2020","15.9291","16.0985","16.1264","15.7544","","-0.94%"
"09/03/2020","16.0810","15.6723","16.9704","15.6723","","2.69%"
"06/03/2020","15.6598","15.5984","15.7750","15.5465","","0.25%"
"05/03/2020","15.6202","15.2638","15.6456","15.2400","","2.42%"
"04/03/2020","15.2515","15.4126","15.4392","15.2242","","-0.97%"
"03/03/2020","15.4008","15.3785","15.6324","15.2111","","0.22%"
"02/03/2020","15.3675","15.6531","15.8993","15.3781","","-1.88%"
"28/02/2020","15.6619","15.4840","15.8357","15.4688","","1.18%"
"27/02/2020","15.4800","15.3181","15.5028","15.2326","","1.17%"
"26/02/2020","15.3006","15.2178","15.3510","15.0781","","0.62%"
"25/02/2020","15.2069","15.1506","15.2772","15.0499","","0.46%"
"24/02/2020","15.1375","14.9710","15.1903","14.9710","","0.95%"
"21/02/2020","14.9945","15.0951","15.1913","14.9410","","-0.81%"
"20/02/2020","15.1173","14.9838","15.1736","14.9765","","0.96%"
"19/02/2020","14.9730","15.0005","15.0247","14.9241","","-0.20%"
"18/02/2020","15.0031","14.9929","15.0914","14.9662","","0.17%"
"17/02/2020","14.9782","14.8750","15.0264","14.8439","","0.55%"
"14/02/2020","14.8967","14.9627","14.9676","14.8271","","-0.32%"
"13/02/2020","14.9440","14.8501","14.9664","14.8258","","0.64%"
"12/02/2020","14.8492","14.8216","14.8957","14.7320","","0.29%"
"11/02/2020","14.8063","14.9787","15.0000","14.7740","","-0.93%"
"10/02/2020","14.9457","15.0825","15.1025","14.9366","","-0.74%"
"07/02/2020","15.0574","14.9110","15.1246","14.8752","","1.04%"
"06/02/2020","14.9027","14.7504","14.9512","14.7061","","0.89%"
"05/02/2020","14.7706","14.7829","14.8463","14.6652","","-0.05%"
"04/02/2020","14.7785","14.8870","14.9282","14.7163","","-0.60%"
"03/02/2020","14.8672","15.0000","15.0269","14.8390","","-0.86%"
"31/01/2020","14.9958","14.7644","15.0455","14.7364","","1.60%"
"30/01/2020","14.7590","14.6159","14.8538","14.5977","","0.89%"
"29/01/2020","14.6287","14.5511","14.6524","14.5171","","0.57%"
"28/01/2020","14.5454","14.6100","14.7151","14.5321","","-0.38%"
"27/01/2020","14.6008","14.4080","14.6618","14.4076","","1.52%"
"24/01/2020","14.3826","14.3985","14.4652","14.3062","","-0.05%"
"23/01/2020","14.3893","14.3300","14.4487","14.2704","","0.45%"
"22/01/2020","14.3247","14.4983","14.5153","14.3101","","-1.16%"
"21/01/2020","14.4930","14.5098","14.6021","14.4470","","0.04%"
"20/01/2020","14.4866","14.4422","14.5768","14.4332","","0.24%"
"17/01/2020","14.4519","14.4130","14.4957","14.3518","","0.30%"
"16/01/2020","14.4080","14.3867","14.4461","14.3495","","0.20%"
"15/01/2020","14.3797","14.4082","14.4375","14.3301","","-0.11%"
"14/01/2020","14.3951","14.4065","14.5024","14.3568","","-0.01%"
"13/01/2020","14.3970","14.3222","14.4802","14.2872","","0.27%"
"10/01/2020","14.3578","14.2117","14.3750","14.1695","","1.09%"